,AAPL__hl,AAPL__co,AAPL__ocp,AAPL__log_returns,AAPL__lret_squared,AAPL__earning_horizon1,AAPL__earning_horizon2,AAPL__earning_horizon3,AAPL__earning_horizon4,MSFT__hl,MSFT__co,MSFT__ocp,MSFT__log_returns,MSFT__lret_squared,MSFT__earning_horizon1,MSFT__earning_horizon2,MSFT__earning_horizon3,MSFT__earning_horizon4,AAPL,MSFT
2015-08-03,0.0401461388600499,-0.0238627101411127,0.0015641856637647,-0.0222985244773479,0.0004972241938668,0,0,0,0,0.010910366007566,-0.0089763372538637,0.0083324913254089,-0.000643845928455,4.145375795880956e-07,0,0,0,0,0.3850462337502467,0.1570075738012888
2015-08-04,0.0379233393039149,-0.0199981170675491,-0.0082558513340939,-0.0282539684016431,0.000798286730441,0,0,0,0,0.0197900257751765,0.0143322162409718,0.003856872147673,0.0181890883886448,0.0003308429364099,0,0,0,0,0.3993189026821371,0.1819334694916453
2015-08-05,0.0452052743434644,0.0148965285396887,-0.0175880864919273,-0.0026915579522386,7.24448421025902e-06,0,0,0,0,0.0158388315343699,0.0058626633581533,0.0038924882138766,0.0097551515720297,9.516298219327498e-05,0,0,0,0,0.5602099986733108,0.1791137697862194
2015-08-06,0.0204365864313555,-0.0017265197658938,0.0124830384000637,0.01075651863417,0.0001157026931272,0,0,0,0,0.030608127973313,-0.028039220064393,-0.0033458835061852,-0.0313851035705781,0.0009850247261359,0,0,0,0,0.3026589669116684,0.2105512074203089
2015-08-07,0.0146519592004764,0.004005578326759,-0.0098112356370851,-0.0058056573103257,3.370565680493922e-05,0,0,0,0,0.0106434181975187,0.0008611410650572,0.0002154011855385,0.0010765422505958,1.1589432173179467e-06,0,0,0,0,0.2230367440746739,0.1192186227667765
2015-08-10,0.0317567648798769,0.030172615052925,0.0099443078115931,0.0401169228645179,0.0016093675001176,0,0,0,0,0.0152804331375994,0.013172062126772,0.0062211935069805,0.0193932556337528,0.000376098364076,0,0,0,0,0.2517288878412724,0.1492758832803474
2015-08-11,0.0412874946238764,-0.0343355387332577,-0.0181984726680753,-0.0525340114013332,0.0027598223539154,0,0,0,0,0.0213163416211812,-0.0152307484593608,-0.0097732253891034,-0.0250039738484644,0.0006251987082146,0,0,0,0,0.4283468507394189,0.2423649243317093
2015-08-12,0.0461483835463795,0.0114884585056694,-0.0022048045110448,0.0092836539946246,8.618623149190944e-05,0,0,0,0,0.0203557580566749,0.0097119572045679,-0.0021663786635614,0.0075455785410065,5.693575551849884e-05,0,0,0,0,0.5066711410611336,0.2102611611646979
2015-08-13,0.0149083958658267,0.0080340515169836,0.005391247021378,0.0134252985383618,0.0001802386408441,0,0,0,0,0.011763193735959,0.0075767438738974,0.0023608278900146,0.009937571763912,9.875533256290262e-05,0,0,0,0,0.170428888362286,0.1151135567143495
2015-08-14,0.011738754856576,0.0077354694532406,-0.0142974423229305,-0.0065619728696897,4.305948794254415e-05,0,0,0,0,0.0111146747509521,0.0047048846412622,-0.0080064478937415,-0.0033015632524793,1.0900319910121843e-05,0,0,0,0,0.2510989670165496,0.1719438705044777
2015-08-17,0.0183594337745879,0.0152779557396662,0.0010384216924812,0.0163163774321475,0.0002662241725082,0,0,0,0,0.0178766199197411,0.0089440903867395,-0.0002133788549658,0.0087307115317738,7.622532385104888e-05,0,0,0,0,0.1414929586875938,0.1802508293516701
2015-08-18,0.0122511705788902,0.0041551602973549,-0.0078673229456201,-0.0037121626482652,1.3780151527175586e-05,0,0,0,0,0.0152999159624083,0.003952637210802,0.0014624741981298,0.0054151114089315,2.9323431571140997e-05,0,0,0,0,0.1811856901925317,0.1688583098349877
2015-08-19,0.0159172910760642,-0.0024110160802454,-0.0068214004323373,-0.0092324165125829,8.52375146618152e-05,0,0,0,0,0.0160564245371842,0.0017043037785327,-0.0069332653489391,-0.0052289615704061,2.734203910478486e-05,0,0,0,0,0.2075655205740396,0.2105108800229724
2015-08-20,0.0258814075214913,-0.0168351997970171,-0.0104966872179782,-0.027331887014995,0.0007470320478004,0,0,0,0,0.0153965960253448,-0.0073629961310907,-0.0141524637646401,-0.0215154598957312,0.0004629150145248,0,0,0,0,0.2908195091550659,0.2739801009442217
2015-08-21,0.0377955986378965,-0.0329237625345104,-0.0090524717261959,-0.0419762342607064,0.0017620042427097,0,0,0,0,0.0421785392354801,-0.036949471960802,-0.0047972649214331,-0.041746736882235,0.0017427900403145,0,0,0,0,0.3084183551485069,0.3115348422370521
2015-08-24,0.1479609223631042,-0.0272923147612597,-0.0038927050141007,-0.0311850197753607,0.0009725054583896,0,0,0,0,0.0796795784988786,-0.0433207505321869,-0.0052313467393229,-0.0485520972715098,0.0023573061494621,0,0,0,0,1.6400472723599593,0.7900388407766974
2015-08-25,0.0264124366970042,-0.0067683577391859,0.034618497165841,0.027850139426655,0.0007756302660841,0,0,0,0,0.0326765853246398,-0.0146263518051243,0.0162912350532882,0.0016648832481638,2.7718362300165407e-06,0,0,0,0,0.6208439354651799,0.4249638478913689
2015-08-26,0.0301756545069294,-0.0027889321874122,-0.0071704921468345,-0.0099594243342466,9.919013306958494e-05,0,0,0,0,0.0221375739146654,-0.0180098516523637,-0.0014268730126001,-0.0194367246649642,0.0003777862657016,0,0,0,0,0.3562744512118049,0.175178371734557
2015-08-27,0.0472875402542853,0.0337669275977767,0.0117412635854304,0.0455081911832069,0.0020709954647673,0,0,0,0,0.0494526487840645,0.0377757525462426,0.0132388502359969,0.05101460278224,0.0026024896970297,0,0,0,0,0.4533160461025375,0.4619466646895286
2015-08-28,0.0148638800676833,0.0064085666593846,0.0028614881369015,0.009270054796286,8.593391592614627e-05,0,0,0,0,0.016167288563343,0.0077928425541174,0.0006905282815533,0.0084833708356706,7.196758073550707e-05,0,0,0,0,0.160944789049595,0.1647498631987087
2015-08-31,0.0222613104765733,0.0064805588783778,-0.0038223967603056,0.0026581621180725,7.065825845956058e-06,0,0,0,0,0.0184957420571261,-0.0060511782701059,-0.0009136592686751,-0.0069648375387809,4.85089619416125e-05,0,0,0,0,0.2490680620502278,0.1993727992802482
2015-09-01,0.0253910152627717,-0.0249227275682599,-0.0079074759774042,-0.0328302035456644,0.0010778222648497,0,0,0,0,0.0313275310287664,-0.0275061745753751,-0.0086843723550292,-0.0361905469304044,0.0013097556871218,0,0,0,0,0.1911123406971104,0.2627022957405981
2015-09-02,0.0204022855667457,0.0094915966815716,0.0067429369022387,0.0162345335838103,0.0002635600806838,0,0,0,0,0.0291785405984061,0.0176600735888115,0.0078357280888207,0.0254958016776321,0.0006500359031851,0,0,0,0,0.2348098960254671,0.3039524569737336
2015-09-03,0.0231730171575409,-0.006480984578244,0.0028757530932835,-0.0036052314849603,1.2997694060149712e-05,0,0,0,0,0.0192932029346792,0.0110702237542471,0.0020126920098941,0.0130829157641412,0.0001711626848916,0,0,0,0,0.2562338012105353,0.1897149486283934
2015-09-04,0.0172599143395127,-0.0117911882082005,-0.0063406009527742,-0.0181317891609746,0.000328761778178,0,0,0,0,0.0280261874897016,-0.0258943966293817,-0.004139288993631,-0.030033685623013,0.0009020222721019,0,0,0,0,0.1847510513961802,0.1949718515305996
2015-09-08,0.0200081413789373,0.0081136943149154,0.0138032471663374,0.0219169414812525,0.0004803523238926,0,0,0,0,0.0216686682362782,0.0135599386534108,0.016817724499795,0.0303776631532062,0.0009228024186496,0,0,0,0,0.303390855406324,0.3354643568314122
2015-09-09,0.0215784804650598,-0.0081213847038687,0.0121610688186335,0.0040396841147649,1.6319047747084384e-05,0,0,0,0,0.02163842190851,-0.0118387615508518,0.0083361309996492,-0.0035026305512029,1.2268420778220091e-05,0,0,0,0,0.2991947759183183,0.2507268602879824
2015-09-10,0.0280628499616582,0.0112550880459381,-0.0018930287782509,0.009362059267687,8.764815373168541e-05,0,0,0,0,0.021738390572256,0.0007213969524143,-0.0008939743969702,-0.0001725774445557,2.9782974369406137e-08,0,0,0,0,0.2963098058751084,0.2443215020682092
2015-09-11,0.0175050927987194,0.016411989577553,-0.0077507439069758,0.0086612456705768,7.501717656608536e-05,0,0,0,0,0.0150263026333058,0.0028866713654101,-0.0049599271184149,-0.0020732557530047,4.2983894173673584e-06,0,0,0,0,0.1659159241148008,0.1839504251848527
2015-09-14,0.0267345031111771,0.0149306353909143,0.0001768431392773,0.0151074785301914,0.0002282359075401,0,0,0,0,0.0129763249085895,-0.0118125287842322,0.0014977824103115,-0.0103147463739206,0.0001063939927583,0,0,0,0,0.2614642124472573,0.0905458738467853
2015-09-15,0.0137604153823964,0.0023284905523005,0.0038062329689004,0.006134723521201,3.763483268157723e-05,0,0,0,0,0.0218196487244005,0.0218173770322965,0.0034887813035214,0.0253061583358178,0.0006404016497174,0,0,0,0,0.1642589631749833,0.1293015548477747
2015-09-16,0.0088853904162128,-0.002498816517157,0.0009470920678666,-0.0015517244492904,2.407848766525641e-06,0,0,0,0,0.011117261923366,-0.0001135653853931,0.0002271436693466,0.0001135782839538,1.2900026585904444e-08,0,0,0,0,0.0978055346823066,0.1248380104927886
2015-09-17,0.0097891369490514,-0.0060632494110577,-0.0009494627617591,-0.0070127121728167,4.917813201877205e-05,0,0,0,0,0.0128526217511315,0.0027063615977426,0.0057754534581663,0.0084818150559087,7.194118664263994e-05,0,0,0,0,0.0933951999997522,0.1688389804700517
2015-09-18,0.0194274246192204,-0.0087425245192043,-0.0021769986988839,-0.0109195232180883,0.0001192359873103,0,0,0,0,0.0193082372553662,-0.0135564671132772,-0.0048552360745998,-0.0184117031878767,0.0003389908142784,0,0,0,0,0.2032473871196044,0.1871475903160609
2015-09-21,0.0118096110745868,0.0089231630472599,-0.0004392708175176,0.0084838922297421,7.19764273658785e-05,0,0,0,0,0.0193078116049243,0.0120661680208508,0.0016045848714959,0.0136707528923469,0.0001868894846436,0,0,0,0,0.0993502775309093,0.1828871178458702
2015-09-22,0.0141670551349727,-0.005640236540038,-0.0096299153740634,-0.0152701519141014,0.0002331775394797,0,0,0,0,0.0107908895030821,-0.0035682494901389,-0.009896055340367,-0.013464304830506,0.0001812875045687,0,0,0,0,0.2134511001649972,0.1952210184817698
2015-09-23,0.0111480263746454,0.0052005572083018,0.005731685370964,0.0109322425792655,0.0001195139278119,0,0,0,0,0.0143778696122399,0.0018233667496211,0.0041451619279783,0.0059685286775996,3.562333457532968e-05,0,0,0,0,0.1459624742949824,0.1733592454526192
2015-09-24,0.0180710924438852,0.0091611900187482,-0.0086356246631815,0.0005255653555669,2.762189429721777e-07,0,0,0,0,0.0128530573643024,0.006184878265619,-0.0077821404420546,-0.0015972621764355,2.551246460271538e-06,0,0,0,0,0.2275296718040776,0.179869762252663
2015-09-25,0.0168920565511597,0.0038348910065994,0.0009350156138458,0.0047699066204454,2.2752009167768932e-05,0,0,0,0,0.0203293536486821,0.0099830812725339,0.0006859943848553,0.0106690756573892,0.000113829175383,0,0,0,0,0.1863913615733615,0.2061322198166951
2015-09-28,0.0193229167018529,-0.0136517729158684,-0.0016036518204702,-0.0152554247363387,0.000232727983886,0,0,0,0,0.0164102568453454,-0.0134268926130637,-0.000673502892762,-0.0141003955058258,0.0001988211534207,0,0,0,0,0.1719035679529427,0.1284366055903109
2015-09-29,0.0326841108527738,-0.0244058661872144,-0.0033628350274993,-0.0277687012147138,0.000771100767152,0,0,0,0,0.008529502287363,-0.0009197517318875,-0.0029833642322818,-0.0039031159641695,1.523431422975551e-05,0,0,0,0,0.2818963094669538,0.1064301211361728
2015-09-30,0.0222109580264688,-0.0096539911895605,0.0021767533425997,-0.0074772378469605,5.59090858200189e-05,0,0,0,0,0.0158301911712828,0.0158301911712828,0.002068253064059,0.017898444235342,0.0003203543060456,0,0,0,0,0.2329819291813391,0.090876157148948
2015-10-01,0.017364031764756,-0.0052355563051774,-0.00174399264536,-0.0069795489505377,4.871410355295277e-05,0,0,0,0,0.0208105225604042,-0.0007956133196694,0.0001163641294758,-0.0006792491901936,4.613794623787796e-07,0,0,0,0,0.1899692320736412,0.2334729128881376
2015-10-02,0.0257058080163485,0.0213899652108242,-0.0047111075078967,0.0166788577029275,0.0002781842942745,0,0,0,0,0.0280633524652372,0.0189499419520047,-0.0012444144374139,0.0177055275145909,0.0003134857045699,0,0,0,0,0.2105077789906434,0.254292582620248
2015-10-05,0.0164622649980416,0.0097916138632632,-0.0048606632596138,0.0049309506036494,2.431427385563091e-05,0,0,0,0,0.0356481997722631,0.0340902924379298,0.0038800558627475,0.0379703483006772,0.0014417473500747,0,0,0,0,0.1754064079477044,0.2253513025936789
2015-10-06,0.0171177185817822,0.009180156272053,-0.0025320538504586,0.0066481024215945,4.4197265808011e-05,0,0,0,0,0.0194971360894045,0.0121727053650298,-0.006374388518854,0.0057983168461759,3.3620478248647614e-05,0,0,0,0,0.1741603393425194,0.209075714443988
2015-10-07,0.0211524530340327,-0.0130714264429123,0.0004495495377136,-0.0126218769051984,0.0001593117766099,0,0,0,0,0.0268055075913847,-0.0119736303288955,0.0004464333240956,-0.0115271970048,0.0001328762707874,0,0,0,0,0.1994839757112956,0.2768200758422297
2015-10-08,0.0179411895841235,-0.0116789648641469,0.0001814388102597,-0.0114975260538874,0.0001321931053598,0,0,0,0,0.0119710707059059,0.0086608400232959,0.0015045677206894,0.0101654077439858,0.0001033355146014,0,0,0,0,0.1651911681271637,0.1064195951839778
2015-10-09,0.022487956051625,0.0187507240672034,0.0082314469948079,0.0269821710620115,0.0007280375552196,0,0,0,0,0.0113378697971805,0.001697793277094,0.0024456389455969,0.0041434322226909,1.7168030584033907e-05,0,0,0,0,0.2157962305871232,0.1319985149148095
2015-10-12,0.009565545429695,-0.001009528064404,0.0004465681313889,-0.0005629599330152,3.1692388618053493e-07,0,0,0,0,0.0100503358535004,-0.0010655302020379,-0.0044628700148976,-0.0055284002169355,3.056320895861325e-05,0,0,0,0,0.1071447695535934,0.1327997732436234
2015-10-13,0.0149704588770315,0.003851696792989,-0.0038248819894286,2.6814803560704092e-05,7.190336899991489e-10,0,0,0,0,0.011743489288767,0.0081249110636465,-0.0068464109960397,0.0012785000676065,1.634562422869946e-06,0,0,0,0,0.1745879395582127,0.1508723186376262
2015-10-14,0.0170044118090261,-0.0079811983466103,-0.0066362004819839,-0.0146173988285944,0.0002136683485141,0,0,0,0,0.0118534144539181,0.0018184740530243,-0.0055520108449892,-0.0037335367919646,1.3939296976953632e-05,0,0,0,0,0.2032974781027063,0.1585855588003475
2015-10-15,0.014287882903668,0.0077298813351242,0.0052782504896135,0.0130081318247379,0.0001692114935697,0,0,0,0,0.0109010377338141,-0.0036266706417161,0.0037335367919648,0.0001068661502485,1.142037406895092e-08,0,0,0,0,0.1640922220349231,0.131168763218281
2015-10-16,0.0130327640837163,-0.0114061140493719,0.0025026825908447,-0.0089034314585272,7.927109173669237e-05,0,0,0,0,0.0098258033233968,0.0050923089037128,0.0046908401579137,0.0097831490616266,9.571000556200728e-05,0,0,0,0,0.1015636210666898,0.1232294929926344
2015-10-19,0.0127190285970887,0.0036935315175665,0.0008126044418084,0.0045061359593749,2.030526128437237e-05,0,0,0,0,0.0181248375778492,0.0030085624432304,0.0024789988158474,0.0054875612590779,3.0113328572132628e-05,0,0,0,1,0.1386429705226778,0.2050847450881367
2015-10-20,0.0291679934288269,0.0253099243600981,-0.0019801986668625,0.0233297256932356,0.0005442761009216,0,0,0,0,0.0161378880147122,0.0051435582878717,0.0,0.0051435582878713,2.6456191860730423e-05,0,0,1,0,0.2140705049650019,0.1738935045880316
2015-10-21,0.0161416754690937,0.0070052825884079,-0.0003075098317548,0.0066977727566528,4.4860159899761015e-05,0,0,0,0,0.012374182450436,-0.0053502721422582,0.0003140539151689,-0.0050362182270888,2.5363494030862305e-05,0,1,0,0,0.1675602262161638,0.1285746847199578
2015-10-22,0.0091580419603906,0.0037087984568167,-0.0019215657934689,0.0017872326633479,3.194200592937643e-06,0,0,0,1,0.0368586644320693,0.0261805935724752,-0.0003178442190163,0.0258627493534588,0.0006688818041198,1,0,0,0,0.1007921629295962,0.3232349078261247
2015-10-23,0.032040663015607,0.0316193184155149,0.0032602256099474,0.0348795440254625,0.0012165825914241,0,0,1,0,0.0903764951399426,0.0873858387052951,0.003889064363449,0.091274903068744,0.0083311079302086,0,0,0,0,0.1862947978033764,0.5381496794446374
2015-10-26,0.0267709793134362,-0.0245421619267803,-0.0076842261156978,-0.0322263880424782,0.0010385400862643,0,1,0,0,0.0248710675188083,0.015602248272245,-0.0118653231462467,0.0037369251259979,1.3964609397315108e-05,0,0,0,0,0.2157520604936684,0.2995344220617156
2015-10-27,0.0140194266222177,-0.0019646831658029,0.0029493428735329,0.0009846597077305,9.695547400279918e-07,1,0,0,0,0.0135318406845499,-0.0042786755140109,0.0059557466235659,0.001677071109555,2.8125675065042455e-06,0,0,0,0,0.1630364482856296,0.173863447290899
2015-10-28,0.0172550620896995,0.0099051379308659,0.0101708509851499,0.0200759889160155,0.0004030453309559,0,0,0,0,0.0160275248715311,-0.0082375596689733,-0.0018673167321475,-0.0101048764011206,0.0001021085270819,0,0,0,0,0.2324489692206587,0.163217982663175
2015-10-29,0.0186295632001825,0.0185422862707088,0.0044143661845553,0.0229566524552642,0.0005270078919517,0,0,0,0,0.0102814252720442,-0.0019855489242107,0.0078681559905113,0.0058826070663009,3.460506589649385e-05,0,0,0,0,0.1231708501582576,0.1689265471195144
2015-10-30,0.0107023250971765,-0.0032458186573712,0.0004986785321982,-0.002747140125173,7.54677886733594e-06,0,0,0,0,0.0149185227152441,-0.0020719517282317,-0.0036282382738571,-0.0057001900020892,3.2492166059917804e-05,0,0,0,0,0.116056462684873,0.1759042444176702
2015-11-02,0.010634862612243,0.0084777238003292,-0.0005002918473395,0.0079774319529901,6.363942056458849e-05,0,0,0,0,0.0118918504740097,0.0008481836496868,-0.0005605212618165,0.0002876623878704,8.274964939534639e-08,0,0,0,0,0.0855410224872989,0.1335199296312681
2015-11-03,0.0226907557040118,0.0208946927306657,-0.0012478755465145,0.0196468171841512,0.0003859974254674,0,0,0,0,0.0252927367815415,0.0228382844967561,-0.0031066158192906,0.0197316686774655,0.0003893387487972,0,0,0,0,0.1508836998766947,0.1796178781419481
2015-11-04,0.0154726213775846,-0.0062783034714979,-0.0023543749458722,-0.0086326784173702,7.45231366577302e-05,0,0,0,0,0.0141484200099182,0.0014754705738365,-0.0013842389888462,9.123158499058091e-05,8.323202099893591e-09,0,0,0,0,0.1665064759198439,0.1596663367091243
2015-11-05,0.0200904346228279,-0.0117172724356424,0.0013225164423548,-0.0103947559932877,0.0001080509521599,0,0,0,0,0.0125093610634666,-0.0025721123862558,0.0044133944384134,0.0018412820521573,3.3903195955969266e-06,0,0,0,0,0.1947626482099544,0.154859445773024
2015-11-06,0.0098173456890266,-0.0021466322642061,0.0063707657660089,0.0042241335018031,1.784330384105594e-05,0,0,0,0,0.0176216013498189,0.0128678246113929,-0.0057190451977258,0.0071487794136673,5.110504710527362e-05,0,0,0,0,0.1480647767939535,0.1767745474422788
2015-11-09,0.0130656404550381,-0.0049743097097277,-0.0005787276421289,-0.005553037351857,3.083622383111991e-05,0,0,0,0,0.0237927533242111,-0.0136357373475832,-0.0020111534340757,-0.0156468907816593,0.0002448251911331,0,0,0,0,0.1385109096376383,0.2329106233006989
2015-11-10,0.0342356474206528,-0.03333142732844,-0.001252446217473,-0.0345838735459129,0.0011960443094396,0,0,0,0,0.0160092771383087,-0.0118647431150733,0.002779066170266,-0.0090856769448071,8.254952554539943e-05,0,0,0,0,0.1998180784794258,0.1433039985199145
2015-11-11,0.0183161476564452,0.0080571193251448,-0.0001720874208336,0.0078850319043111,6.217372813200413e-05,0,0,0,0,0.0137471977348274,0.0064965425703984,0.005368200544675,0.0118647431150735,0.0001407721291866,0,0,0,0,0.1896276970976377,0.1642123433805854
2015-11-12,0.0095472277239169,0.0013785974956091,-0.0100382561116328,-0.0086596586160236,7.498968734607335e-05,0,0,0,0,0.0134122930145638,0.0050842856971603,-0.0106017918514741,-0.0055175061543137,3.044287416289054e-05,0,0,0,0,0.1915542074314545,0.2201680920417073
2015-11-13,0.0252031374517159,-0.0218824053262714,-0.0037136202126905,-0.0255960255389622,0.0006551565233912,0,0,0,0,0.0134128770069555,-0.0032387565315793,-0.0093059743255121,-0.0125447308570918,0.0001573702722768,0,0,0,0,0.1920861252158049,0.2084956565682655
2015-11-16,0.024194094238708,0.0109346980317296,-0.0035857683922004,0.0073489296395292,5.400676684675176e-05,0,0,0,0,0.018095455508568,0.0160243320140724,-0.002877021203916,0.0131473108101567,0.0001728517815388,0,0,0,0,0.2556468792482947,0.1354530396434787
2015-11-17,0.0109384607520621,-0.0025875027559168,0.0015346863751115,-0.0010528163808052,1.1084223316918286e-06,0,0,0,0,0.0091993514623333,-0.0075155424464436,0.0004703428879164,-0.0070451995585272,4.963483681947223e-05,0,0,0,0,0.1225465919624192,0.072252636526437
2015-11-18,0.0218718633512535,0.0163594721790516,0.007793463433433,0.0241529356124847,0.0005833642987008,0,0,0,0,0.0129113843763661,0.0098458294553666,0.0001922536849831,0.0100380831403494,0.0001007631131325,0,0,0,0,0.2225504183985042,0.1075975164392283
2015-11-19,0.0251186617428386,0.0138302174227186,0.0056027150942981,0.0194329325170166,0.0003776388662109,0,0,0,0,0.0163339017059637,0.0106392708594688,0.0026139362931385,0.0132532071526072,0.0001756474998299,0,0,0,0,0.2622781844979069,0.1559460128391694
2015-11-20,0.0087958682272663,-4.192256902178127e-05,0.0023075147974107,0.0022655922283889,5.132908145336441e-06,0,0,0,0,0.0187755306311986,-0.0038770472270116,-0.000550797242254,-0.0044278444692658,1.9605806644007797e-05,0,0,0,0,0.1053086598047107,0.2074386219924685
2015-11-23,0.0178649803149316,-0.0151837585984469,0.0015499657502625,-0.013633792848184,0.0001858803074271,0,0,0,0,0.0115659647372685,-0.0062969970182936,0.0022191415064641,-0.0040778555118294,1.6628905575358127e-05,0,0,0,0,0.1355596830350131,0.1193156449637191
2015-11-24,0.0152123812317585,0.0086192343530966,-0.000408243115888,0.0082109912372088,6.742037709751985e-05,0,0,0,0,0.0135851919999083,0.0040710640978637,0.0016702240126634,0.0057412881105274,3.2962389168083644e-05,0,0,0,0,0.1482178085992001,0.1494786138245425
2015-11-25,0.0101130138824161,-0.0065656801517515,0.0047937520840366,-0.0017719280677153,3.139729077157318e-06,0,0,0,0,0.0074033282801033,-0.0025892376218803,-0.0001846892608445,-0.0027739268827247,7.69467035070282e-06,0,0,0,0,0.1203368808619799,0.0791324218963173
2015-11-27,0.006610213521287,-0.001945772789354,-0.0007603599403213,-0.0027061327296751,7.3231543506189476e-06,0,0,0,0,0.0042628180574411,0.0024094164190644,-0.0020391146188697,0.0003703018001948,1.371234232275219e-07,0,0,0,0,0.0726821687374784,0.0526527717361063
2015-11-30,0.0134974577597662,0.0081040457035178,-0.0009319270382605,0.0071721186652569,5.1439286148526566e-05,0,0,0,0,0.0174414861389231,0.0115124243757058,0.0024036250825301,0.0139160494582357,0.000193656432524,0,0,0,0,0.1295393630729422,0.1639631927766175
2015-12-01,0.0139005602512792,-0.013226989458784,-0.0017671566007463,-0.0149941460595304,0.0002248244160545,0,0,0,0,0.0146254892189792,0.0065837838402584,-0.0050696961535068,0.0015140876867514,2.2924615231722987e-06,0,0,0,0,0.0900130456106517,0.1709072623469676
2015-12-02,0.0107279000362796,-0.0014495002958561,-8.70568635504226e-05,-0.0015365571594063,2.361007904122976e-06,0,0,0,0,0.0149493239354024,0.0057853786446875,0.0043706752806877,0.0101560539253755,0.0001031454313351,0,0,0,0,0.1195761193662241,0.1723787650781953
2015-12-03,0.0190089916356287,-0.0190089916356288,-0.00145759652443,-0.0204665881600587,0.0004188812309134,0,0,0,0,0.0318817420369928,-0.023912794072761,0.0003608154468152,-0.0235519786259459,0.000554695697197,0,0,0,0,0.104351417232293,0.2691473159137806
2015-12-04,0.0338233625361127,0.0332583864292697,0.0046137533672423,0.0378721397965118,0.0014342989727665,0,0,0,0,0.0329090691861182,0.0308778617663069,0.0014768324633605,0.0323546942296677,0.0010468262386952,0,0,0,0,0.2045340396809976,0.2102249090062004
2015-12-07,0.0145558078726706,-0.0068299940873797,-0.0003705195844344,-0.007200513671814,5.1847397137981314e-05,0,0,0,0,0.0085497528411068,-0.0012559434682237,-0.0025071646370918,-0.0037631081053159,1.4160982612294925e-05,0,0,0,0,0.1489608198449039,0.1031545906846668
2015-12-08,0.0139314591736845,-0.0014842775354908,-0.0016936239123218,-0.0031779014478128,1.0099057612010853e-05,0,0,0,0,0.0188991327425609,0.0120385965642443,-0.0068456401366805,0.0051929564275638,2.6966796458577217e-05,0,0,0,0,0.1579972965130282,0.2066532943201659
2015-12-09,0.0218192910557334,-0.0179288525368824,-0.0016565085445269,-0.0195853610814094,0.0003835863686891,0,0,0,0,0.0235432822729173,-0.01488500889664,-0.008790082608413,-0.0236750915050532,0.0005605099577726,0,0,0,0,0.1714247247856149,0.2602741125997398
2015-12-10,0.0102511467865113,0.0048979998294335,0.005180016762739,0.010078016592173,0.0001015664184321,0,0,0,0,0.0103983937982117,0.0046894212960103,0.0116364949408088,0.0163259162368194,0.0002665355409716,0,0,0,0,0.1329182902338356,0.2135557598040976
2015-12-11,0.0225259691837493,-0.0171363390967252,-0.0101405823856044,-0.02727692148233,0.0007440304455531,0,0,0,0,0.0170298506772993,-0.0087606696845191,-0.0100372093583291,-0.0187978790428484,0.0003533602565095,0,0,0,0,0.2475120998007885,0.2333637124850974
2015-12-14,0.0274744060410438,-0.0081788026108607,-0.0057429473993072,-0.013921750010168,0.0001938151233456,0,0,0,0,0.0171580341353899,0.0086421425985591,-0.0072680756027205,0.0013740669958388,1.8880601090536375e-06,0,0,0,0,0.3113033582103267,0.2076910872450707
2015-12-15,0.0140287338481752,-0.002644480240996,-0.0008933357749721,-0.0035378160159678,1.2516142162838346e-05,0,0,0,0,0.0208115186459542,0.0154235745772009,0.0010997246307566,0.0165232992079573,0.0002730194167156,0,0,0,0,0.1559417092156193,0.1781023400376769
2015-12-16,0.0277151238098946,-0.0094855522102346,-0.0034523589480003,-0.012937911158235,0.0001673895451383,0,0,0,0,0.0148070599848675,-0.0046880720553601,0.0010799137118619,-0.0036081583434981,1.3018806631755291e-05,0,0,0,0,0.3017099294590418,0.1605608507813012
2015-12-17,0.0222267104404347,-0.0189189295896016,0.014604990133785,-0.0043139394558164,1.8610073628450223e-05,0,0,0,0,0.0219100873363911,0.0087461512458443,0.0081001252893248,0.0168462765351691,0.0002837970330993,0,0,0,0,0.2848818808505859,0.2637693359790422
2015-12-18,0.0283397318772113,-0.0216005913377218,-0.0016962789504532,-0.023296870288175,0.000542744165224,0,0,0,0,0.0225743220385394,-0.0133807159521202,-0.0065971532841338,-0.0199778692362539,0.0003991152592208,0,0,0,0,0.2376982666356153,0.2403082360173231
2015-12-21,0.0168060137264711,-0.0049544387392844,0.0007462686913502,-0.0042081700479341,1.7708695152330254e-05,0,0,0,0,0.0202591217178077,-0.0035614849754407,-0.0055814774876936,-0.0091429624631342,8.359376260228256e-05,0,0,0,0,0.1825884523741685,0.2415164717689694
2015-12-22,0.0106438506827039,-0.0002796811652969,0.0053273643449494,0.0050476831796522,2.5479105482143813e-05,0,0,0,0,0.0133073928524342,0.0041475856612703,0.0050189456087302,0.0091665312700008,8.40252955239041e-05,0,0,0,0,0.1463526084328058,0.1642746594653234
2015-12-23,0.0148196684996882,0.0115029097654883,-0.0006528937414222,0.0108500160240661,0.0001177228477224,0,0,0,0,0.0111603167896535,0.0093676276304118,0.0014819058060572,0.0108495334364686,0.000117712375789,0,0,0,0,0.1220627569222065,0.0877762745053371
2015-12-24,0.0083145736893041,-0.0039623342784159,0.0035010583811278,-0.0004612758972877,2.1277545341859796e-07,0,0,0,0,0.0078984546494304,-0.0061052443184814,0.0017917940647624,-0.0043134502537189,1.8605853091308392e-05,0,0,0,0,0.1013467922506199,0.071001085120759
2015-12-28,0.0166209898844491,-0.0091162642303811,-0.0036061992426168,-0.0127224634729983,0.0001618610768217,0,0,0,0,0.0149772623960932,0.0062061981621196,-0.0005486014629137,0.0056575966992058,3.2008400410864895e-05,0,0,0,0,0.173192147077528,0.1568135427860238
2015-12-29,0.0226710602605051,0.0212675607205869,0.0,0.0212675607205872,0.0004523091390038,0,0,0,0,0.017745441324914,0.0163372383110036,0.000269865973876,0.0166071042848794,0.0002757959127288,0,0,0,0,0.1439810134374042,0.1171051779606929
2015-12-30,0.0134292363190374,-0.0087274189406351,-0.006609166705188,-0.0153365856458234,0.0002352108592716,0,0,0,0,0.0087116654171351,0.0029529581962703,-0.0052984934978893,-0.0023455353016186,5.5015358511391915e-06,0,0,0,0,0.1622232347283614,0.1256516367501612
2015-12-31,0.0218682054660067,-0.0211641729695018,-0.0036000489352532,-0.0247642219047548,0.0006132666865479,0,0,0,0,0.0161892538976654,-0.011448480289208,-0.004991514186974,-0.0164399944761823,0.0002702734183769,0,0,0,0,0.1411311876404337,0.1629210811504243
2016-01-04,0.0299699358985298,0.0030455939079638,-0.0008937010869537,0.00215189282101,4.630642713114489e-06,0,0,0,0,0.0376693862829396,-0.0249073341482447,-0.0047434787518817,-0.0296508129001265,0.0008791707056383,0,0,0,0,0.3353671924300824,0.3522368520240443
2016-01-05,0.0304870397695477,-0.0172801849069117,0.001235576982101,-0.0160446079248108,0.0002574294434609,0,0,0,0,0.0163856446196776,0.015210024900678,0.0069912091229036,0.0222012340235817,0.0004928947921698,0,0,0,0,0.2973694492957089,0.1537079223804875
2016-01-06,0.022812424603012,-0.0180788648538693,-0.0110208664937094,-0.0290997313475789,0.0008467943645012,0,0,0,0,0.0129098115019477,-0.0093908571443215,-0.0132893603338993,-0.0226802174782205,0.0005143922648593,0,0,0,0,0.2536964592548923,0.2385786494598136
2016-01-07,0.0280538930404395,-0.0275541676791926,-0.0050335248220705,-0.0325876925012629,0.0010619577025568,0,0,0,0,0.0315729725063573,-0.0279275425607685,-0.0036403094097334,-0.031567851970502,0.0009965292780315,0,0,0,0,0.1778793175805897,0.2302563172145155
2016-01-08,0.0230690196167891,-0.008274218511941,0.0096085784738488,0.0013343599619077,1.7805165079425395e-06,0,0,0,0,0.0191682317129913,0.0053151226115917,0.0030499451778276,0.0083650677894193,6.997435912158142e-05,0,0,0,0,0.2892332987224582,0.214217469451632
2016-01-11,0.0175157227547831,-0.0043626102774103,0.0131453464712989,0.0087827361938881,7.713645505143275e-05,0,0,0,0,0.0262643295883206,-0.0111903994014236,-0.0047442920376283,-0.0159346914390519,0.0002539143912577,0,0,0,0,0.2834603568093382,0.2835464783922538
2016-01-12,0.0178516633538448,0.003833354840403,0.0059810609644943,0.0098144158048976,9.632275759142407e-05,0,0,0,0,0.0184639087381658,-0.0093183140742248,0.0161239957462907,0.0068056816720658,4.6317303021493095e-05,0,0,0,0,0.218490897115195,0.3162570457689189
2016-01-13,0.0285700294741191,-0.0160726714611161,0.0103171146023812,-0.0057555568587344,3.312643475412473e-05,0,0,0,0,0.0425596144187963,-0.0174215020870161,0.0134012037650309,-0.004020298321985,1.616279859775563e-05,0,0,0,0,0.3233004107123635,0.4939010555605304
2016-01-14,0.0409115940334549,0.0137305719052569,-0.0043569206473444,0.0093736512579121,8.786533790495745e-05,0,0,0,0,0.0280904628046532,0.0188487255586671,-0.001920123477802,0.0169286020808652,0.0002865775684122,0,0,0,0,0.4442124378084036,0.2564523703427731
2016-01-15,0.0217146355020678,0.0108017777178702,-0.0399132482454653,-0.0291114705275949,0.000847477716279,0,0,0,0,0.0310723580958862,-0.0148343501897596,-0.0271514043498666,-0.0419857545396262,0.0017628035842617,0,0,0,0,0.6704528203548124,0.5347936125672562
2016-01-19,0.0309291420696163,-0.0145696566151556,0.0068972498753353,-0.0076724067398199,5.886582518123456e-05,0,0,0,0,0.0308502705027126,-0.0217805137015588,0.0132866354748447,-0.0084938782267141,7.214596733024791e-05,0,0,0,0,0.3344504428599278,0.3438397131968571
2016-01-20,0.0268213875562351,0.0018838927558573,-0.0059512707364141,-0.0040673779805566,1.6543563636717293e-05,0,0,0,0,0.0318632305459847,0.0025909331883097,-0.0059689791229058,-0.0033780459345962,1.1411194336242116e-05,0,0,0,0,0.3149960239175758,0.3691184157946789
2016-01-21,0.0297827305690561,0.0021017891676667,0.002818680280655,0.0049204694483218,2.4211019591868308e-05,0,0,0,1,0.0239541343628074,-0.0045460865155276,0.0097079006368981,0.0051618141213705,2.6644325023580025e-05,0,0,0,0,0.3366533708990193,0.3066534624783398
2016-01-22,0.0286184239516946,0.0276244868854721,0.0170958081570264,0.0447202950424983,0.001999904788688,0,0,1,0,0.0200856501349513,0.0125496385919807,0.0190257773833496,0.0315754159753303,0.0009970068940151,0,0,0,0,0.3202513405673949,0.3559778492673114
2016-01-25,0.0130980241253422,-0.0012922103019857,0.0009948311647698,-0.0002973791372156,8.843435125110314e-08,0,1,0,0,0.0160991863803187,0.007848779257138,-0.0019204922361382,0.0059282870210002,3.514458700335983e-05,0,0,0,1,0.1473200257868627,0.166101652301196
2016-01-26,0.0256259344468143,-0.0001972339813078,-0.0038405457749451,-0.0040377797562531,1.6303665360008073e-05,1,0,0,0,0.0161517267250548,0.0061646962143297,-0.0115175540451924,-0.005352857830863,2.86530869574317e-05,0,0,1,0,0.2940338649016217,0.2501999004592534
2016-01-27,0.0431243740106343,-0.0362377219070414,-0.0190453859858755,-0.055283107892917,0.0030562220182999,0,0,0,0,0.0178830914740796,-0.0026980166684353,-0.003649989644382,-0.0063480063128174,4.0297184147569566e-05,0,1,0,0,0.4448578165844024,0.2072294972804068
2016-01-28,0.0186184638297028,0.0022394452054571,-0.007100300631321,-0.0048608554258637,2.3627915471149408e-05,0,0,0,0,0.0175896010410606,0.0032745863798122,0.0001929570676511,0.0034675434474635,1.2023857560047632e-05,1,0,0,0,0.2364185698157607,0.1948055436550435
2016-01-29,0.0258460498264728,0.0258460498264728,0.0006298357863732,0.0264758856128461,0.0007009725189845,0,0,0,0,0.0521549094903968,0.0501529068197246,0.0039345571606465,0.054087463980371,0.0029254537598279,0,0,0,0,0.1387128084113747,0.3190327429885479
2016-02-01,0.0132245380222734,-0.000829617386585,-0.0035192485001265,-0.0043488658867114,1.8912634500602668e-05,0,0,0,0,0.0104044016051915,-0.0031087160447699,-0.0021885837661685,-0.0052972998109384,2.8061385286968065e-05,0,0,0,0,0.158398190950725,0.1179236531787012
2016-02-02,0.0143739490373438,-0.0085196950966337,-0.0094919443835343,-0.0180116394801679,0.0003244191567635,0,0,0,0,0.0267867762983882,-0.0267867762983881,-0.0018331810816612,-0.0286199573800494,0.0008191019604358,0,0,0,0,0.2041358996460716,0.1463108853636859
2016-02-03,0.0177525139950047,0.0084976311891504,0.0035913269029495,0.0120889580920997,0.0001461429077525,0,0,0,0,0.0407127415761693,-0.0222083721695873,0.0039593955580978,-0.0182489766114897,0.0003330251473666,0,0,0,0,0.18955205489603,0.4059393014411008
2016-02-04,0.0220278922137689,0.0054973164200698,0.000834334920874,0.0063316513409441,4.008980870327992e-05,0,0,0,0,0.0265113236097992,-0.0098522964430121,-0.001536688738815,-0.0113889851818269,0.0001297089834718,0,0,0,0,0.2416036099906966,0.2823208051443688
2016-02-05,0.027412129454174,-0.023587242380373,0.0066611836304753,-0.0169260587498976,0.0002864914648049,0,0,0,0,0.0442392851457605,-0.0423143567361765,0.0075428265943496,-0.0347715301418269,0.0012090593084039,0,0,0,0,0.2273802735663397,0.2943381651237976
2016-02-08,0.0150938239691154,-0.0070779753472916,-0.0007394092171072,-0.0078173845643991,6.11115014277065e-05,0,0,0,0,0.0274241152925644,-0.024864087468339,-0.0005971667931564,-0.0254612542614958,0.0006482754685685,0,0,0,0,0.1548118717745844,0.1862003706061437
2016-02-09,0.0149006746474057,0.007805319544763,0.0079308466260415,0.0157361661708046,0.0002476269257551,0,0,0,0,0.030954194882209,0.0017381528837996,0.0074158866554223,0.0091540395392222,8.379643988564384e-05,0,0,0,0,0.1946677923627066,0.3664603244103137
2016-02-10,0.0140096384395359,-0.0016269126367878,0.0031617839458715,0.0015348713090839,2.355829935448981e-06,0,0,0,0,0.0123947095545418,0.006058119590955,0.0199248057991244,0.0259829253900796,0.0006751124118264,0,0,0,0,0.1642911107908693,0.3403351514880305
2016-02-11,0.0254695127977767,-0.0211610184120517,-0.0017368927871787,-0.0228979111992306,0.0005243143372878,0,0,0,0,0.0212290620452865,-0.0155995938128794,-0.0098747266450239,-0.0254743204579033,0.0006489410027919,0,0,0,0,0.197244569291663,0.2401425661051516
2016-02-12,0.0166332867730447,-0.0050977170716687,0.0145115649410452,0.0094138478693768,8.862053170777056e-05,0,0,0,0,0.0234797152306091,0.0162421937774309,0.0099604602814836,0.0262026540589146,0.0006865790797311,0,0,0,0,0.292228998045992,0.2622665721211579
2016-02-16,0.0236858433555278,0.0236858433555278,0.0036231134287778,0.0273089567843052,0.000745779120647,0,0,0,0,0.016127969600939,0.0098948085606576,0.0075307529902082,0.0174255615508656,0.000303650195363,0,0,0,0,0.139224044838939,0.1937385508884527
2016-02-17,0.0205937357030521,0.020487667752588,-0.0039468503982774,0.0165408173543109,0.0002735986387486,0,0,0,0,0.0350057269727626,0.0318734573148861,0.0030678051721681,0.0349412624870546,0.0012208918241892,0,0,0,0,0.1284596506769738,0.240575415463785
2016-02-18,0.0203146186175694,-0.0129290600846772,0.0004186426127335,-0.0125104174719439,0.0001565105453223,0,0,0,0,0.0132417594950126,-0.0004772130846946,-0.0037144668642411,-0.0041916799489358,1.7570180794311084e-05,0,0,0,0,0.1891292433447042,0.1598377620825725
2016-02-19,0.0096568639007107,-0.0028030124763013,-0.0046542981056332,-0.0074573105819344,5.5611481115431376e-05,0,0,0,0,0.0086466859407935,-0.0067301604484369,-0.0037320149786371,-0.0104621754270741,0.0001094571146668,0,0,0,0,0.1282351087722266,0.0923089986601979
2016-02-22,0.0084814452375238,0.0018674141747959,0.0011429166395552,0.0030103308143512,9.062091611832375e-06,0,0,0,0,0.0133031228316044,0.0082877349823214,0.0084553899096028,0.0167431248919243,0.0002803322311465,0,0,0,0,0.0951499192610918,0.1833810957460486
2016-02-23,0.0156671693765317,-0.0135246572116957,-0.0008295313623754,-0.014354188574071,0.0002060427296199,0,0,0,0,0.022790684575654,-0.0191999675462768,-0.0068454237863077,-0.0260453913325848,0.0006783624096674,0,0,0,0,0.1153047420250939,0.2033947651158391
2016-02-24,0.022655756088864,0.0053556773275415,-0.001210974245661,0.0041447030818804,1.717856363694904e-05,0,0,0,0,0.0195350342742683,0.0001025639523774,-0.0032193928519967,-0.003116828899619,9.714622389500573e-06,0,0,0,0,0.2495015704920362,0.2251547037501595
2016-02-25,0.0117936972053764,0.0073488083843634,0.0006297493102506,0.0079785576946136,6.365738288627855e-05,0,0,0,0,0.0203603712364582,0.006227384123976,0.0003886707412096,0.0066160548651854,4.377218197914421e-05,0,0,0,0,0.1112126940929258,0.2202171369355761
2016-02-26,0.0162540625655764,0.0062016648585298,0.001404508463554,0.0076061733220837,5.785387260557927e-05,0,0,0,0,0.029311778402488,-0.0047355839138885,0.0023068655684368,-0.0024287183454516,5.898672801533466e-06,0,0,0,0,0.1733251930637417,0.327741839527509
2016-02-29,0.0146721967200153,0.0047305723759267,0.0001030874698097,0.0048336598457368,2.3364267504288345e-05,0,0,0,0,0.011996042273691,-0.0040002004655969,-0.0010705076201145,-0.0050707080857113,2.571208049049802e-05,0,0,0,0,0.1579515035793254,0.1298581050190508
2016-03-01,0.0326176237074036,0.0286695578615769,0.0018450189735688,0.0305145768351455,0.000931139399428,0,0,0,0,0.0314008976289022,0.0222553936352612,-0.0008802386993117,0.0213751549359493,0.0004568972485358,0,0,0,0,0.2343018344103684,0.2760751840571648
2016-03-02,0.0115730569159239,-0.0047875615083736,9.85123148660997e-05,-0.0046890491935074,2.1987182339132703e-05,0,0,0,0,0.0088773427302583,0.0019043997376272,0.0040110835938077,0.0059154833314352,3.499294304448783e-05,0,0,0,0,0.1210251629101147,0.1167520249007627
2016-03-03,0.0120721830261256,0.0062398063100663,0.0062789860950431,0.0125187924051091,0.0001567201632822,0,0,0,0,0.0191246983997253,-0.0082262686174529,0.0012575993013595,-0.0069686693160937,4.856235203706646e-05,0,0,0,0,0.1565503581444942,0.1997398453247228
2016-03-04,0.0225805084703819,0.0130313367463998,0.0039436354385511,0.0169749721849514,0.0002881496806798,0,0,0,0,0.0134359026968277,-0.0036332385315364,0.0037290285598677,9.579002833159932e-05,9.175729527768602e-09,0,0,0,0,0.227229083040118,0.1580037112987095
2016-03-07,0.0143009363324312,-0.0118657925668142,-0.0042209486196954,-0.0160867411865095,0.0002587832420017,0,0,0,0,0.0188060391131058,-0.0170508560137032,-0.0086599951121307,-0.0257108511258339,0.0006610478656147,0,0,0,0,0.1286576686576119,0.1875081495550573
2016-03-08,0.0126583968719236,-0.0018752792121191,-9.96399643898639e-05,-0.0019749191765092,3.900305753744057e-06,0,0,0,0,0.0280277833314048,0.0183098219920233,-9.828492808558969e-05,0.0182115370639377,0.0003316600822311,0,0,0,0,0.140889242758671,0.2575797060906135
2016-03-09,0.0123823111199983,-0.0018758953025349,0.0020735628264041,0.0001976675238695,3.90724499927056e-08,0,0,0,0,0.0174914853758791,0.0162387750217422,0.0021208915691371,0.0183596665908796,0.0003370773573282,0,0,0,0,0.1416314960379259,0.1183787423582501
2016-03-10,0.020060960320581,-0.0079253827300977,0.0023758689336708,-0.0055495137964269,3.079710337673346e-05,0,0,0,0,0.0317197117999897,-0.0254613275425745,1.2317528838704343e-05,-0.0254490100137361,0.0006476521106792,0,0,0,0,0.2145127219993959,0.2523216000776998
2016-03-11,0.0072641921473822,-0.0008822232596908,0.0141104516905838,0.0132282284308931,0.0001749860274198,0,0,0,0,0.0103509779413626,0.0048361954769614,0.0222222823398239,0.0270584778167854,0.0007321612217614,0,0,0,0,0.2382173053790459,0.3683317723652897
2016-03-14,0.0105552191860839,0.0029377224417868,0.0,0.0029377224417865,8.630213144976526e-06,0,0,0,0,0.0177029105271812,0.0078335542860519,-0.0016094678030493,0.0062240864830025,3.873925254789498e-05,0,0,0,0,0.1148820085422963,0.1848423488401034
2016-03-15,0.0214482744165066,0.0176337897897491,0.0057534377235931,0.0233872275133424,0.0005469624107608,0,0,0,0,0.0139335713086012,0.0090447196584452,-0.0066971905274036,0.002347529131041,5.5108930210864965e-06,0,0,0,0,0.1898300720405366,0.1667375068465717
2016-03-16,0.0142770877120725,0.011323078343126,-0.0017208417248512,0.0096022366182748,9.220294807333866e-05,0,0,0,0,0.0167165854052648,0.0136600181940329,0.0024355983937199,0.0160956165877532,0.0002590688733399,0,0,0,0,0.1181038853462821,0.1361633385913764
2016-03-17,0.0136262517117654,0.0057268774737518,-0.0034126248942953,0.0023142525794566,5.355765001521575e-06,0,0,0,0,0.0179854361728253,0.0088090127352581,0.0013834449981461,0.010192457733404,0.0001038861946472,0,0,0,0,0.1521089610280634,0.1835383763623871
2016-03-18,0.0102059478217935,-0.0057542791459398,0.0042901846156277,-0.0014640945303123,2.143572793690618e-06,0,0,0,0,0.0272928613294102,-0.0254391598441566,0.0038296755113013,-0.0216094843328553,0.0004669698131319,0,0,0,0,0.1205788740497302,0.1858916589001785
2016-03-21,0.0167786007994941,-0.0017952478011007,0.0013225016097217,-0.0004727461913787,2.234889614630802e-07,0,0,0,0,0.0142271212901313,0.0052251964575647,-0.001405019438046,0.0038201770195187,1.4593752460459204e-05,0,0,0,0,0.1886762154146994,0.1527856020326956
2016-03-22,0.0192042049879295,0.0141235935868312,-0.0027463438825207,0.0113772497043105,0.0001294418108342,0,0,0,0,0.0132867596461567,0.0076074214179569,-0.0013959334080115,0.0062114880099453,3.858258329769434e-05,0,0,0,0,0.1701512779013783,0.1307713219651045
2016-03-23,0.008076703952145,-0.0025346176441818,-0.0027142953391581,-0.0052489129833399,2.7551087506674793e-05,0,0,0,0,0.0088922408831742,-0.0034248193794234,0.0001848258022082,-0.0032399935772153,1.0497558380396934e-05,0,0,0,0,0.0972141004686883,0.0939673497622308
2016-03-24,0.0125985590219288,-0.0063269528838956,-0.0017893619613805,-0.0081163148452758,6.587456666764536e-05,0,0,0,0,0.010735800533953,0.0061150936411479,-0.0023207251074815,0.0037943685336663,1.4397232569277145e-05,0,0,0,0,0.1300355436638004,0.1106320377572525
2016-03-28,0.008677316141391,-0.0053908486348765,0.0046324828766613,-0.0007583657582155,5.751186232338141e-07,0,0,0,0,0.0148398197235406,-0.0139058512237825,0.0033198112378673,-0.010586039985915,0.0001120642425833,0,0,0,0,0.1098460986602742,0.1081711009749901
2016-03-29,0.0233983911883304,0.0220850255255503,-0.0019012847226496,0.0201837408029006,0.0004073833927986,0,0,0,0,0.024024846672683,0.022153388902761,0.0001866890698974,0.0223400779726583,0.0004990790838244,0,0,0,0,0.149711675312225,0.1579882657679278
2016-03-30,0.0238490372093645,0.0153832818560173,0.0011155485479979,0.0164988304040152,0.0002722114047004,0,0,0,0,0.0147645037708791,0.0068191735130355,0.0003669219036037,0.0071860954166393,5.1639967337045696e-05,0,0,0,0,0.2212304860351925,0.1515718711835075
2016-03-31,0.0086818000189467,-0.0037482331216891,0.0018266513436015,-0.0019215817780873,3.6924765298772353e-06,0,0,0,0,0.0126799083603078,0.0012712250872013,-0.0024502031406017,-0.0011789780534003,1.3899892503997786e-06,0,0,0,0,0.0947115422532925,0.1470165219125205
2016-04-01,0.0162976671869245,0.0059486865948391,-0.0020179717208191,0.0039307148740199,1.5450519420841824e-05,0,0,0,0,0.0120020369080049,0.0063434739221747,-0.0018165309263977,0.0045269429957772,2.0493212887016905e-05,0,0,0,0,0.1762066358372515,0.1227376412176512
2016-04-04,0.0190910795964766,0.0124685388359835,0.0034608413413937,0.0159293801773774,0.0002537451528354,0,0,0,0,0.0108554116929625,-0.0025329949061245,0.0005436642925701,-0.0019893306135547,3.957436290026213e-06,0,0,0,0,0.1838683596026637,0.1195731573650641
2016-04-05,0.0110789364223489,-0.0027168941336907,-0.008207242850919,-0.01092413698461,0.0001193367688585,0,0,0,0,0.0151228171327056,-0.0050862961606289,-0.0009055510896814,-0.0059918472503102,3.5902233471050045e-05,0,0,0,0,0.1781051969490183,0.1628017495653365
2016-04-06,0.0111044128392623,-0.0042659470185314,0.0022668550306462,-0.0019990919878849,3.996368776025797e-06,0,0,0,0,0.0131888237853927,0.0073113102145919,-0.0073113102145919,0.0,0.0,0,0,0,0,0.1227200305094792,0.1737358308868077
2016-04-07,0.0162525335172171,-0.0127972496014702,0.0014542812961199,-0.0113429683053505,0.0001286629299761,0,0,0,0,0.0121855807607314,-0.004950051357915,-0.0041974694350317,-0.009147520792947,8.367713665739782e-05,0,0,0,0,0.1336894513865832,0.1440978360543991
2016-04-08,0.013760422608743,-0.0026495424643188,0.0047724025968441,0.0021228601325256,4.506535142266632e-06,0,0,0,0,0.0155088253869875,-0.0021945875669734,0.0060467431146985,0.0038521555477251,1.4839102363869352e-05,0,0,0,0,0.1700415649557227,0.197613368642576
2016-04-11,0.015572502468694,0.0058400825222545,0.0013669037176987,0.0072069862399533,5.194065066287629e-05,0,0,0,0,0.0127771345947097,0.005667809303797,-0.001465738628117,0.0042020706756802,1.7657397963411757e-05,0,0,0,0,0.1664513640644375,0.1341058936678923
2016-04-12,0.0144335519218452,0.0064619109950311,-0.0018144595194492,0.0046474514755816,2.1598805217886098e-05,0,0,0,0,0.0140242280284954,-0.0010032583809775,-0.0054899739989866,-0.0064932323799644,4.216206674021898e-05,0,0,0,0,0.1517039543915785,0.179663023764489
2016-04-13,0.0170357062556158,0.0161430723871046,0.000589955670675,0.0167330280577799,0.0002799942279824,0,0,0,0,0.013107779151701,0.0103911243975103,0.0013753268568656,0.0117664512543762,0.0001384493751216,0,0,0,0,0.1062381201867579,0.1077692587631252
2016-04-14,0.0089406049279616,0.00477353476901,-0.0043810700857936,0.0003924646832165,1.5402852757224353e-07,0,0,0,0,0.0088789147615949,0.0028193201496502,0.0027220625890889,0.0055413827387389,3.07069226571939e-05,0,0,0,0,0.1126515691402331,0.1050080422659246
2016-04-15,0.0225151541642505,-0.0181774104211203,5.3505979305924185e-05,-0.0181239044418144,0.000328475912216,0,0,0,0,0.0141446373611394,0.003661041467268,-0.0022822815378328,0.0013787599294352,1.900978943016318e-06,0,0,0,0,0.1780708297907712,0.1587979335344362
2016-04-18,0.025089872212614,-0.0250889381565082,-0.0030923171526629,-0.0281812553091711,0.0007941831508006,0,0,0,0,0.0205492802204318,0.0184183599728359,-0.0018586176409901,0.0165597423318457,0.0002742250660971,0,0,0,1,0.1430102180538146,0.145098534060864
2016-04-19,0.0148372058862298,-0.0045666076003333,0.0039153587820557,-0.0006512488182779,4.241250233084115e-07,0,0,0,0,0.0163879691829733,-0.0015066250025007,0.0001771322296718,-0.0013294927728288,1.7675510330042762e-06,0,0,1,0,0.1719624906557077,0.1833744694707318
2016-04-20,0.0175590576566517,0.0090067575754381,-0.0030919709745008,0.0059147866009374,3.4984700534629447e-05,0,0,0,0,0.0098724666280291,-0.0043642910510236,-0.0020419947611319,-0.0064062858121558,4.104049790702939e-05,0,1,0,0,0.1826490888182911,0.1071320875654343
2016-04-21,0.0136456183934255,-0.0093888587539033,-0.0057306747089847,-0.0151195334628879,0.0002286002921353,0,0,0,1,0.012545217433856,-0.0035816657200114,-0.0013398242368729,-0.0049214899568843,2.4221063395713528e-05,1,0,0,0,0.1521718574983411,0.1379629522714505
2016-04-22,0.0173357251948473,-0.0009475732951082,-0.0045386304010399,-0.0054862036961482,3.009843099563097e-05,0,0,1,0,0.087385086015018,-0.0640402957172283,-0.0052217185515928,-0.0692620142688209,0.0047972266205743,0,0,0,0,0.207292140519429,0.754847153345051
2016-04-25,0.0099403924264532,0.0016162003803271,-0.0031349477059527,-0.0015187473256257,2.306593439095324e-06,0,1,0,0,0.0090620498677629,0.0039550526643504,-0.0053981237695573,-0.0014430711052071,2.082454214683753e-06,0,0,0,0,0.1211304600965836,0.1271522585092327
2016-04-26,0.0118457632777728,-0.0028702775763785,-0.0063868386801273,-0.009257116256506,8.569420138646856e-05,1,0,0,0,0.0224424199446419,-0.0178257079692961,0.0026930106204252,-0.015132697348871,0.0002289985290525,0,0,0,0,0.1647971790111831,0.1853556061258044
2016-04-27,0.0797884260558565,-0.0617884458594583,-0.002042112456205,-0.0638305583156633,0.0040743401748892,0,0,0,0,0.0182232925777989,-0.0115562935283803,0.0038046970436642,-0.0077515964847156,6.008724806185655e-05,0,0,0,0,0.6569184053960335,0.1802515992724891
2016-04-28,0.019084719953212,-0.0107577915529226,-0.0045119289081993,-0.0152697204611218,0.0002331643629608,0,0,0,0,0.0129852644824731,-0.0073391185314666,-0.0031570665527669,-0.010496185084234,0.0001101699013224,0,0,0,0,0.1993909554737445,0.1360666418529002
2016-04-29,0.0364303394945591,-0.029587813290563,-0.0038301834553565,-0.0334179967459196,0.0011167625065102,0,0,0,0,0.0140282861631882,-0.003999007328856,-0.0025924476756242,-0.0065914550044801,4.344727907608584e-05,0,0,0,0,0.2927450752668691,0.1579011282632611
2016-05-02,0.0168319802650077,-0.0113453491592563,0.0090734692630178,-0.0022718798962384,5.161438262932426e-06,0,0,0,0,0.0171304897373841,0.0121261797978409,0.0020020026706727,0.0141281824685135,0.0001996055398636,0,0,0,0,0.2095573293973101,0.1538537898302973
2016-05-03,0.0209217911571105,0.0161865475313947,0.0082571192409192,0.024443666772314,0.0005974928452759,0,0,0,0,0.01498980815145,-0.007788356892648,-0.0067407075215029,-0.0145290644141509,0.0002110937127505,0,0,0,0,0.2164004032895534,0.1840021009375463
2016-05-04,0.0201402400420957,-0.0088058823763558,-0.0023114109891582,-0.0111172933655141,0.0001235942117749,0,0,0,0,0.0112528757979351,0.003714677229695,-0.0034140007052545,0.0003006765244406,9.040637234971319e-08,0,0,0,0,0.2119128561855696,0.1324723626242072
2016-05-05,0.0148832984468647,-0.0113406586131712,0.0035571852382215,-0.0077834733749497,6.0582457778552096e-05,0,0,0,0,0.011197877457226,-0.0006004203122438,0.0017021280705296,0.0011017077582859,1.2137599846675564e-06,0,0,0,0,0.1363067810529127,0.1284307620253004
2016-05-06,0.016834324388778,-0.011308073758254,0.0047230658859582,-0.0065850078722955,4.33623286781943e-05,0,0,0,0,0.0130014832729258,0.0071985913735286,-0.002405292801249,0.0047932985722796,2.2975711203017783e-05,0,0,0,0,0.1699448567124908,0.133087704879027
2016-05-09,0.0123438480346043,-0.0021521583686258,0.0075529059959306,0.0054007476273043,2.916807493383366e-05,0,0,0,0,0.0113351339468472,-0.0031129483079586,0.0025868087253433,-0.0005261395826154,2.768228603948046e-07,0,0,0,0,0.1819986181579928,0.1301233759177241
2016-05-10,0.0147634869670174,-0.0023635593297971,0.0038705563857227,0.0015069970559258,2.2710401265691176e-06,0,0,0,0,0.018011372606116,0.0178151980100968,-0.001867637742373,0.0159475602677239,0.0002543246784926,0,0,0,0,0.1751983936616278,0.1042052846788436
2016-05-11,0.0094554794881874,-0.0040325887375885,0.0022562459208835,-0.0017763428167048,3.155393802458747e-06,0,0,0,0,0.0151822896930494,0.0029360485923119,0.0001981361476457,0.0031341847399573,9.82311398418122e-06,0,0,0,0,0.1047138433094091,0.167970157394871
2016-05-12,0.0348681304341576,-0.0246235517805481,-0.001078648446626,-0.0257022002271742,0.0006606030965177,0,0,0,0,0.0144224814502672,0.0087438621794139,0.0021490679366254,0.0108929301160394,0.0001186559265129,0,0,0,0,0.3073425316585608,0.1411745382183268
2016-05-13,0.0179501499918907,0.0037682992309553,-0.0046553693035021,-0.0008870700725469,7.868933136084657e-07,0,0,0,0,0.0132008776454317,-0.000585080465252,-0.0077685378067703,-0.008353618272022,6.978293823466114e-05,0,0,0,0,0.2113701275003705,0.1926968637746893
2016-05-16,0.0264933485680854,0.0264933485680854,0.0139577014598973,0.0404510500279826,0.0016362874483663,0,0,0,0,0.0208581849533649,0.0130128920537231,-0.0015648210409337,0.0114480710127895,0.0001310583299138,0,0,0,0,0.2630704054442214,0.1973599811214479
2016-05-17,0.0144734926457318,-0.006717840263712,0.0004239253317436,-0.0062939149319682,3.961336517085343e-05,0,0,0,0,0.021166398057233,-0.0188095522546824,0.0003837243094004,-0.0184258279452822,0.0003395111354691,0,0,0,0,0.1484818028136473,0.1484795174895795
2016-05-18,0.0136470020628472,0.0017012231641551,0.0049071999476181,0.0066084231117731,4.3671256024217136e-05,0,0,0,0,0.0157751538567137,0.0003982766074634,-0.0017840038409859,-0.0013857272335227,1.9202399657264877e-06,0,0,0,0,0.1710347989158309,0.1792829653924917
2016-05-19,0.0114714829934716,-0.0048796108278279,0.0039230289405684,-0.0009565818872596,9.150489070332654e-07,0,0,0,0,0.0156292066975584,-0.004368553412986,-0.0001981178807865,-0.0045666712937726,2.0854486705367073e-05,0,0,0,0,0.1346900456679456,0.1700893775086365
2016-05-20,0.0125395180100073,0.0098904313267239,0.0019122496000262,0.0118026809267504,0.0001393032770586,0,0,0,0,0.0175311365599857,0.009684467399012,0.0010044704749567,0.0106889378739687,0.0001142533928735,0,0,0,0,0.1058829627300859,0.1727692120593703
2016-05-23,0.0180712006093177,0.0141520577207503,0.0026630999510604,0.0168151576718109,0.0002827495275278,0,0,0,0,0.010911724177526,-0.0081357726265772,-0.0037479085197343,-0.0118836811463114,0.0001412218775871,0,0,0,0,0.1530955574743122,0.1099939016341756
2016-05-24,0.0119093772108968,0.007134272054103,0.0030943054537051,0.0102285775078079,0.0001046237978332,0,0,0,0,0.025466606437061,0.0161550478874471,0.0091254013595633,0.0252804492470106,0.0006391011141306,0,0,0,0,0.1238107929403382,0.2780213816082147
2016-05-25,0.0171957291724248,0.0135790887022364,0.0026038897046939,0.0161829784069302,0.0002618887901191,0,0,0,0,0.0150676987392706,0.0128741925429062,0.0043634628346371,0.017237655377543,0.0002971367629149,0,0,0,0,0.1449694075974553,0.1314149308761859
2016-05-26,0.01798908712882,0.0063316910986651,0.0036176432775475,0.0099493343762127,9.898925452968784e-05,0,0,0,0,0.0114195836231068,-0.0041101102752764,-0.0084372504351686,-0.0125473607104451,0.000157436260798,0,0,0,0,0.2004242648078742,0.1809032106951725
2016-05-27,0.0122676350096813,0.0056674425088283,-0.0094462403373274,-0.0037787978284988,1.4279313028667858e-05,0,0,0,0,0.0100908894063157,0.0053638190184789,0.0027647805371558,0.008128599555635,6.607413073587036e-05,0,0,0,0,0.1957598797478622,0.1093419841966979
2016-05-31,0.0107166469105334,-0.0036166404701884,-0.0025538960775251,-0.0061705365477138,3.807552128667202e-05,0,0,0,0,0.0085077127031975,-0.0011478861027015,0.0030812239342907,0.0019333378315891,3.7377951710536832e-06,0,0,0,0,0.1218236680394371,0.1066969247799855
2016-06-01,0.0067537175213667,-0.0020129056482651,-0.0005063681182864,-0.0025192737665511,6.3467403108327906e-06,0,0,0,0,0.0096784131519168,0.0079772502806439,0.0038211739273236,0.011798424207968,0.0001392028137911,0,0,0,0,0.0736029146063323,0.0963711826431094
2016-06-02,0.0209046726980007,-0.0140016349970836,-0.0029303310010129,-0.0169319659980966,0.0002866914725607,0,0,0,0,0.0167299920413498,-0.0043788742029868,-0.0041706221590812,-0.0085494963620682,7.309388804501831e-05,0,0,0,0,0.1953004062862295,0.1943790477132776
2016-06-03,0.0079737687604454,0.002044990487728,0.0026031806282167,0.0046481711159445,2.1605494723100835e-05,0,0,0,0,0.0151872358639948,-0.0068318764645137,-0.005165004308719,-0.0119968807732329,0.0001439251482871,0,0,0,0,0.0964976403672405,0.1767519531976546
2016-06-06,0.0157653833480486,0.0123912262914667,-0.0006130581575483,0.0117781681339188,0.0001387252445908,0,0,0,0,0.0092113489532369,0.0088292320208066,0.0016400563224668,0.0104692883432737,0.0001096059984146,0,0,0,0,0.1283156204967442,0.0614828358314614
2016-06-07,0.0075388530758956,0.0032728109634347,0.0005066357276456,0.0037794466910803,1.4284217290718007e-05,0,0,0,0,0.0107768120783142,0.0042089214611684,-0.0032539027657184,0.0009550186954498,9.120607086588176e-07,0,0,0,0,0.0786327063515895,0.1248088801875004
2016-06-08,0.0085747256040157,-0.0019170085621666,-0.0017614942021694,-0.0036785027643362,1.353138258722931e-05,0,0,0,0,0.0103508687236561,-0.0019138358708225,-0.002007550245479,-0.0039213861163012,1.5377269073119948e-05,0,0,0,0,0.098429911098665,0.1189906276520622
2016-06-09,0.0129999968219309,0.0088275104578067,-0.0036918308408985,0.0051356796169081,2.6375205127526307e-05,0,0,0,0,0.0094696963764259,-0.004052524179765,-0.0052865895755512,-0.0093391137553164,8.72190457347416e-05,0,0,0,0,0.1309311166763354,0.1293957517797445
2016-06-10,0.0085491385544832,0.0007078930365897,-0.0073577915974104,-0.0066498985608207,4.4221150869206094e-05,0,0,0,0,0.014521584656046,-0.0013601478828658,-0.0036825315382576,-0.0050426794211233,2.5428615744220952e-05,0,0,0,0,0.1510060466438051,0.1726491242213921
2016-06-13,0.0203844248368493,-0.0086130542907842,-0.0039503723188323,-0.0125634266096166,0.0001578396881752,0,0,0,0,0.0428161107230864,-0.022468957208981,-0.0025348062531785,-0.0250037634621596,0.0006251881872716,0,0,0,0,0.221510937694963,0.4283213584807419
2016-06-14,0.0170081936672882,-0.0034889722411446,-0.0006656255845974,-0.004154597825742,1.7260683093660257e-05,0,0,0,0,0.0102328158580811,-0.0030021037257647,-0.0023952107259544,-0.0053973144517192,2.9131003290736972e-05,0,0,0,0,0.1880844827185424,0.1173111821737596
2016-06-15,0.0076503662773804,0.0006122243712411,0.0054334030845444,0.0060456274557854,3.6549611334146336e-05,0,0,0,0,0.0082140099212856,0.0016028103760441,-0.0016048147877535,-2.0044117094997205e-06,4.0176663011795915e-12,0,0,0,0,0.1215630082220399,0.0943405579696494
2016-06-16,0.0164076869089306,-0.0040635203163177,-0.0017385101668823,-0.0058020304832,3.36635577279826e-05,0,0,0,0,0.0166186625760002,0.0087145670015612,-0.0037140517326504,0.0050005152689105,2.5005152954607488e-05,0,0,0,0,0.181865295803353,0.175732693959751
2016-06-17,0.0142629038040158,-0.0088362755927329,-0.0070512560641813,-0.0158875316569142,0.0002524136621494,0,0,0,0,0.0111777610904299,-0.0035846396358622,0.0043820878439913,0.0007974482081292,6.359236446484949e-07,0,0,0,0,0.1748169330283794,0.1390357888791298
2016-06-20,0.0095754270343897,-0.0038555771203259,0.0039599885012612,0.0001044113809354,1.0901736468841552e-08,0,0,0,0,0.0106806053095786,0.0053535728840411,0.0019928316441629,0.0073464045282043,5.396965949202127e-05,0,0,0,0,0.1185640427409677,0.1121796105211986
2016-06-21,0.0106460979176637,0.0040620976386374,-0.001306449191084,0.002755648447553,7.593598366501532e-06,0,0,0,0,0.0191082342964711,0.0167343210138199,-0.003567185708921,0.0131671353048989,0.0001733734521375,0,0,0,0,0.1144753533128257,0.1481613120049995
2016-06-22,0.0153452796697116,-0.0057253058072742,0.003074057840058,-0.0026512479672158,7.029115783666074e-06,0,0,0,0,0.0074321244501462,-0.0001954079146429,-0.000781250039736,-0.000976657954379,9.53860759851905e-07,0,0,0,0,0.1698841177562166,0.0843201471915727
2016-06-23,0.008152632696818,-0.003863629303697,0.0016689270589086,-0.0021947022447887,4.816717943280968e-06,0,0,0,0,0.0174423026633421,0.0101957478846025,0.0011718751341105,0.0113676230187129,0.0001292228530955,0,0,0,0,0.0873120555541797,0.1689973062017586
2016-06-24,0.0238034531688895,-0.0205310058398508,-0.0030231568928627,-0.0235541627327133,0.0005547985820391,0,0,0,0,0.0304021679620096,-0.0291950969105774,-0.0089094390911016,-0.0381045360016791,0.0014519556639032,0,0,0,0,0.1807255515167239,0.2312805160324704
2016-06-27,0.0164967243175434,-0.0143807369220102,-0.0026342845286007,-0.0170150214506108,0.0002895109549647,0,0,0,0,0.0330970450655234,-0.0297778781240753,-0.0012070710514322,-0.0309849491755072,0.0009600670754087,0,0,0,0,0.1261225170444368,0.2281893545852095
2016-06-28,0.0089698521892625,0.0004266312785432,0.0110565411610055,0.0114831724395485,0.0001318632492764,0,0,0,0,0.0144826600716711,0.0016349891236718,0.0121413159320275,0.0137763050556993,0.0001897865809876,0,0,0,0,0.2023024733166694,0.251626040494516
2016-06-29,0.0163208228026635,0.0154739034211076,0.001401430290797,0.0168753337119049,0.0002847768878881,0,0,0,0,0.0249306333933374,0.0239108865815973,0.0083386307579856,0.0322495173395829,0.001040031368636,0,0,0,0,0.1036760472506396,0.2004496784666557
2016-06-30,0.0148436862120249,0.0137933221323357,-0.0010596588890258,0.0127336632433099,0.000162146179594,0,0,0,0,0.015717415895409,0.0076704791579494,0.0010878904843053,0.0087583696422548,7.670903879037132e-05,0,0,0,0,0.0975935893423699,0.1603042161945415
2016-07-01,0.011680182846251,0.0039711620794989,-0.0013603308747664,0.0026108312047328,6.816439579606638e-06,0,0,0,0,0.0122760146229258,0.0007817080718561,0.0025467397015713,0.0033284477734274,1.107856458043412e-05,0,0,0,0,0.1269682042099353,0.1433988314762047
2016-07-05,0.0095783590789159,-0.0073989559981869,-0.0048134014803024,-0.0122123574784893,0.0001491416751824,0,0,0,0,0.008535198237695,-0.0052904992605234,-0.0003907776524913,-0.0056812769130147,3.2276907362354835e-05,0,0,0,0,0.1098600867609445,0.080578368713669
2016-07-06,0.0122595256556715,0.0061123596351314,-0.0012275760298614,0.0048847836052696,2.386111087031137e-05,0,0,0,0,0.0184681083905429,0.0103830886773407,-0.002360347279944,0.0080227413973967,6.436437952950407e-05,0,0,0,0,0.1252201939070633,0.1840764875288504
2016-07-07,0.0088491454047224,0.002505483031044,0.004717788364897,0.0072232713959414,5.217564965942634e-05,0,0,0,0,0.0095414997073289,-0.0029242637077974,0.0011686795253032,-0.0017555841824941,3.082075821823504e-06,0,0,0,0,0.1219202226285067,0.1047989204442339
2016-07-08,0.0085009842237278,0.0013465225505423,0.0063426258899699,0.0076891484405123,5.9123003740234017e-05,0,0,0,0,0.0154961882946228,0.0136066210475574,0.0073915917161377,0.0209982127636951,0.0004409249392694,0,0,0,0,0.1380825526147016,0.1612516875518686
2016-07-11,0.0087489621932359,0.0037217703420201,0.0026886502196881,0.0064104205617079,4.1093491777967816e-05,0,0,0,0,0.0087469658272871,0.0067571039872137,0.0010146475066248,0.0077717514938382,6.040012128197694e-05,0,0,0,0,0.1005875569048562,0.0738576072878086
2016-07-12,0.0058518723536626,0.0010269049988476,0.0010145903472761,0.0020414953461238,4.167703248245363e-06,0,0,0,0,0.0113964030704364,0.0090464243028121,0.0019898618400733,0.0110362861428856,0.0001217996118276,0,0,0,0,0.0668696343814567,0.0969321339535841
2016-07-13,0.0072959271383816,-0.0026696801973763,0.000923313735766,-0.0017463664616101,3.049795818236908e-06,0,0,0,0,0.0110351647780916,0.00699829882587,0.0016880678448212,0.0086863666706911,7.545296593769343e-05,0,0,0,0,0.07891816515326,0.106273610865082
2016-07-14,0.0141817405144737,0.0139675482374484,0.0007194614627625,0.0146870097002111,0.000215708253934,0,0,0,0,0.0072543253936028,-0.0016758161194564,0.0002798827114449,-0.0013959334080113,1.948630079602218e-06,0,0,0,1,0.0805002090449016,0.0798569785327776
2016-07-15,0.0072850744154644,-0.0002026342458797,0.0001114437539452,-9.11904919345119e-05,8.315705819258279e-09,0,0,0,0,0.0142747698269564,-0.0096189988626646,0.005204351514057,-0.0044146473486077,1.9489111212569416e-05,0,0,1,0,0.0817694541678707,0.1532756380513287
2016-07-18,0.015398080111122,0.0095928341076377,0.0020244970979836,0.0116173312056213,0.0001349623843411,0,0,0,0,0.0140925751529963,0.0072363243685172,0.0046008844289483,0.0118372087974654,0.0001401195121147,0,1,0,0,0.1481536992216497,0.1589357804870946
2016-07-19,0.0066218763088864,0.0033411458191099,-0.0034433112249905,-0.0001021654058805,1.0437770158746574e-08,0,0,0,0,0.0147000036581387,-0.0130867450048047,-0.0046326405468637,-0.0177193855516684,0.0003139766243286,1,0,0,0,0.0861749125478666,0.1263480409881142
2016-07-20,0.005897363286134,-0.0016012813669736,0.0016713960044344,7.011463746042779e-05,4.916062386207223e-09,0,0,0,0,0.0531348211817106,0.046244399934598,0.0136493653075847,0.0598937652421827,0.0035872631148856,0,0,0,0,0.0695450455178182,0.4410291685138314
2016-07-21,0.0159684031787312,-0.0043088397743886,0.0017012763673074,-0.0026075634070812,6.799386921949109e-06,0,0,0,1,0.0078557804466735,-0.0004465282503309,-0.007472014838701,-0.007918543089032,6.27033246528574e-05,0,0,0,0,0.1762122654594858,0.1477358383382404
2016-07-22,0.0107212625227411,-0.0076742487697166,-0.001810233588231,-0.0094844823579474,8.995540559821566e-05,0,0,1,0,0.0137111112549681,0.0093329862818928,0.0002679408759838,0.0096009271578769,9.217780229085956e-05,0,0,0,0,0.0978560396622537,0.1233941024749064
2016-07-25,0.0170403592690619,-0.0118600511554735,-0.0026393274888951,-0.0144993786443685,0.0002102319810727,0,1,0,0,0.0068204764550636,7.622471403855496e-05,-0.0018596418908098,-0.0017834171767714,3.1805768264034144e-06,0,0,0,0,0.1570024080168927,0.082050589323404
2016-07-26,0.013772057345334,-0.0046418155448099,-0.0005154583603727,-0.0051572739051826,2.659747413307752e-05,1,0,0,0,0.0135339090106393,0.0036019166827626,0.0031096186885086,0.0067115353712714,4.5044707039827786e-05,0,0,0,0,0.1478778414747597,0.1557331841945039
2016-07-27,0.0619550409806088,0.0554077424139323,0.0125368820321204,0.0679446244460524,0.0046164719911151,0,0,0,0,0.0111535191827633,-0.0071725490147546,-0.0014836458112583,-0.0086561948260133,7.492970886589976e-05,0,0,0,0,0.4737034944327184,0.1059302105006183
2016-07-28,0.0128551615363477,0.0102406459624551,-0.0052300361345945,0.0050106098278606,2.510621084705336e-05,0,0,0,0,0.0102592080831742,0.0022282556543369,-0.0024005474104245,-0.0001722917560873,2.9684449215663072e-08,0,0,0,0,0.132311767916569,0.1192917289993277
2016-07-29,0.0070162236980538,0.0019663803367331,0.0010567271265304,0.0030231074632633,9.139178734438852e-06,0,0,0,0,0.0110017029640105,0.0060358784348402,-0.0024009615375388,0.0036349168973011,1.3212620850285131e-05,0,0,0,0,0.0781514517169265,0.1147035526643971
2016-08-01,0.0107645716755029,0.0096157517599052,0.0012966531125011,0.0109124048724065,0.0001190805800993,0,0,0,0,0.010276450291515,-0.0077760751759316,0.0030925582411968,-0.0046835169347345,2.1935330877945467e-05,0,0,0,0,0.0776091333611111,0.099146992907672
2016-08-02,0.0191416504124337,-0.0079909101010302,0.0003790750614014,-0.0076118350396288,5.794003267052095e-05,0,0,0,0,0.0093690436241955,-0.001585676683181,0.0089223081630437,0.0073366314798626,5.3826161471311354e-05,0,0,0,0,0.1999673888094285,0.1757170959878982
2016-08-03,0.0095939942729605,0.0070829569045365,0.0010500693055941,0.0081330262101309,6.614611533467619e-05,0,0,0,0,0.0100397144481834,0.0030860139996315,-0.0005314730137701,0.0025545409858613,6.525679648445665e-06,0,0,0,0,0.0836170553614804,0.1088319132265115
2016-08-04,0.0073863559031079,0.0050626867869382,0.0021297942302448,0.0071924810171828,5.173178318253549e-05,0,0,0,0,0.0146277998522482,0.0105079775984153,8.803204372007301e-05,0.0105960096421355,0.0001122754203362,0,0,0,0,0.0743125672784272,0.1273332663099519
2016-08-05,0.0154461296983051,0.0145167616016721,0.0024170697042842,0.0169338313059563,0.0002867546426985,0,0,0,0,0.0120257463690393,0.0074491466155409,0.0019145424001426,0.0093636890156836,8.767867198243425e-05,0,0,0,0,0.1049728967512216,0.1172344704657678
2016-08-08,0.0093814812010532,0.0038052855792846,-9.29843322076116e-05,0.0037123012470772,1.378118054905109e-05,0,0,0,0,0.0048325948382089,-0.0012955047802322,-0.0001726072326712,-0.0014681120129034,2.1553528824313372e-06,0,0,0,0,0.0983977779949152,0.0527894801375337
2016-08-09,0.0068278545384106,0.0048787635822527,0.0020825913640299,0.0069613549462825,4.8460462688132986e-05,0,0,0,0,0.0077281172057984,0.0022325452963201,0.0030254076006426,0.0052579528969629,2.764606866668117e-05,0,0,0,0,0.0681907185262663,0.0966777052299379
2016-08-10,0.0099714683170551,-0.0071639910185415,0.0004221580616944,-0.0067418329568469,4.545231161802753e-05,0,0,0,0,0.0077459721146553,-0.0051688605776655,0.0005156854433149,-0.0046531751343503,2.1652038830936617e-05,0,0,0,0,0.08704618445665,0.0708958094829491
2016-08-11,0.0073740030659625,-0.000184331797757,0.004954655681864,0.0047703238841068,2.2755989959279863e-05,0,0,0,0,0.0069446393109447,0.0020450432032149,0.0041372236223461,0.0061822668255611,3.822042310243346e-05,0,0,0,0,0.1141678977714567,0.099914946921725
2016-08-12,0.0058275336376088,-0.0015650245941176,-0.0032395674811927,-0.0048045920753101,2.308410501013303e-05,0,0,0,0,0.0096702532200036,-0.0063842853375557,-0.0018730297857444,-0.0082573151233003,6.818325304548388e-05,0,0,0,0,0.0817633014115552,0.0932688185665783
2016-08-15,0.0131880062886984,0.0097938571658212,0.002220372824508,0.0120142299903291,0.0001443417222605,0,0,0,0,0.0092736367853292,0.0052439406650401,0.0041457996847987,0.0093897403498388,8.816722383739199e-05,0,0,0,0,0.1175556291978014,0.1117605370151655
2016-08-16,0.0084221740722561,-0.0021031943664314,0.0022404533056353,0.0001372589392039,1.8840016391382744e-08,0,0,0,0,0.0058468428596281,-0.003997282769095,-0.0057612266495036,-0.009758509418599,9.522850607288568e-05,0,0,0,0,0.0988529381084951,0.105433747466918
2016-08-17,0.0081288811950338,-0.0001821677880203,-0.0003669810451093,-0.0005491488331297,3.015644409277453e-07,0,0,0,0,0.0070523050282413,0.0001736864963113,0.0031141020808158,0.0032877885771274,1.0809553727889514e-05,0,0,0,0,0.0914145780164246,0.0933138647068127
2016-08-18,0.0046685314526711,0.0001831334132034,-0.0002746875446482,-9.155413144457114e-05,8.38215898456981e-09,0,0,0,0,0.005572015112815,0.0028694424279525,-0.0027826104911121,8.683193684033697e-05,7.539785255444268e-09,0,0,0,0,0.0525541897809029,0.0711453674810287
2016-08-19,0.0117389462485133,0.0007341891870528,-0.0014669241529749,-0.000732734965922,5.369005302848277e-07,0,0,0,0,0.0082902464583693,0.0022626412925198,-0.0033920450005991,-0.0011294037080795,1.2755527358238783e-06,0,0,0,0,0.1336149606543983,0.1051707541800408
2016-08-22,0.0112459414716129,-0.007458254727885,-0.0011918406178187,-0.008650095345704,7.482414948977078e-05,0,0,0,0,0.0083496064649479,-0.0013910626482412,0.0005214217551006,-0.0008696408931405,7.562752830223219e-07,0,0,0,0,0.104299554458275,0.0930824936669317
2016-08-23,0.0072090243055301,0.003952755985383,0.0034137598313792,0.0073665158167623,5.426555527861058e-05,0,0,0,0,0.0072464085207679,0.0037160307204616,0.0048602768822522,0.0085763076027141,7.355305209637178e-05,0,0,0,0,0.0892412829027751,0.1059475827665549
2016-08-24,0.0081194540920658,-0.0065455982841585,-0.0017455592998227,-0.0082911575839812,6.874329408240973e-05,0,0,0,0,0.0051843209366742,-8.637443322168491e-05,-0.0012947220314513,-0.0013810964646729,1.9074274447322394e-06,0,0,0,0,0.0700262275284096,0.0617108399716912
2016-08-25,0.0114153198530346,-0.0031551622314381,-0.0015738558079072,-0.0047290180393453,2.2363611616453588e-05,0,0,0,0,0.0087878570193695,0.0053931708264128,-8.638189440876883e-05,0.0053067889320042,2.8162008768842307e-05,0,0,0,0,0.1267837689240406,0.0830720852133693
2016-08-26,0.0135072563188375,-0.0076607250584319,-0.0013020835172976,-0.0089628085757298,8.033193756517639e-05,0,0,0,0,0.0165060042396982,-0.0091403585401397,0.0009790198561144,-0.0081613386840255,6.660744911537233e-05,0,0,0,0,0.1330507873805939,0.1625949206300249
2016-08-29,0.0099205361942312,0.0030882996797882,0.0005625351732821,0.0036508348530706,1.3328595124395072e-05,0,0,0,0,0.008052814869708,0.0015457280879271,0.0079379191613853,0.0094836472493127,8.993956514939674e-05,0,0,0,0,0.1074794992609207,0.1543272519495023
2016-08-30,0.0083928682715756,-0.0066009890733396,-0.0059990835957488,-0.0126000726690884,0.0001587618312663,0,0,0,0,0.0100069946437334,-0.0099202831760876,-0.0005166943009931,-0.0104369774770809,0.000108930498857,0,0,0,0,0.1170599350302916,0.0557214134255437
2016-08-31,0.0085772711156952,0.0061283367209706,0.0005675905932341,0.0066959273142046,4.4835442597111935e-05,0,0,0,0,0.0083391727183606,-0.0034740351076704,8.670394941903376e-05,-0.0033873311582515,1.147401237566156e-05,0,0,0,0,0.0754650137692887,0.0871165781812811
2016-09-01,0.0100705833783717,0.0045125581886524,-0.0024468297545435,0.002065728434109,4.267233963486485e-06,0,0,0,0,0.0116137899055243,0.0036569479152314,-0.0026134695596794,0.0010434783555521,1.088847078505893e-06,0,0,0,0,0.1109276244160931,0.131963155075194
2016-09-02,0.0100266264039277,0.0051626932993622,0.0017256371425877,0.0068883304419502,4.744909627749856e-05,0,0,0,0,0.0128029430464653,-8.67039494189874e-05,0.0024305567521186,0.0023438528026993,5.4936459607215095e-06,0,0,0,0,0.1040336125943836,0.148799593811313
2016-09-06,0.0069499422587559,-0.0029703911193353,0.0050465431589151,0.0020761520395797,4.310407291451287e-06,0,0,0,0,0.0092188337565345,-0.0017367145733727,-0.0006071382293267,-0.0023438528026993,5.4936459607215095e-06,0,0,0,0,0.1079117298868031,0.1025067166578151
2016-09-07,0.0081831780951696,-0.0029709426735981,0.0027849999434242,-0.000185942730174,3.4574698904570956e-08,0,0,0,0,0.0066843427839111,0.0013898542890551,-0.0001738374624113,0.0012160168266435,1.4786969226801712e-06,0,0,0,0,0.0976363528944066,0.0738194244622806
2016-09-08,0.0191001713734192,-0.0144657792107985,-0.0029797954816848,-0.0174455746924833,0.000304348076351,0,0,0,0,0.0100005224570959,-0.0060034112529096,0.0006942034294752,-0.0053092078234344,2.818768771241778e-05,0,0,0,0,0.1668349393683259,0.0959912059375895
2016-09-09,0.0241252366886258,-0.0161837422982484,-0.0039822777272625,-0.0201660200255111,0.0004066683636693,0,0,0,0,0.0168306918244738,-0.0083006090365173,-0.001489720654695,-0.0097903296912122,9.585055546263306e-05,0,0,0,0,0.227674062772029,0.1718848119033891
2016-09-12,0.0191494723150588,0.0190052841064541,-0.0036763769410006,0.0153289071654536,0.000234975394887,0,0,0,0,0.0243835161070498,0.008100061896209,-0.003121008598882,0.0049790532973266,2.4790971737619077e-05,0,0,0,0,0.1202037304552517,0.2664239342063298
2016-09-13,0.031809948815156,0.024878072531556,0.0001901321424111,0.0250682046739671,0.0006284148855759,0,0,0,0,0.0102929036488217,-0.005500856742107,-0.008984469842774,-0.0144853265848809,0.0002098246862706,0,0,0,0,0.2593371121892096,0.1753422471884914
2016-09-14,0.0390081958854531,0.0325242377455282,0.0069300346646696,0.0394542724101976,0.001556639611418,0,0,0,0,0.0099415089288363,-0.0028399025121397,0.0039069486742055,0.0010670461620656,1.1385875119790434e-06,0,0,0,0,0.3175746059856117,0.1245573065519235
2016-09-15,0.0217952233801758,0.0178911746129455,0.0071939433769148,0.0250851179898607,0.0006292631445652,0,0,0,0,0.020568320101988,0.0187020270959854,-0.0019571218772584,0.0167449052187271,0.0002803918507841,0,0,0,0,0.2042933494368997,0.1422037483775801
2016-09-16,0.0169517685589225,-0.0048287020372218,0.0026035249520422,-0.0022251770851795,4.95141306040817e-06,0,0,0,0,0.0101683905587796,-0.0030320522064662,0.000669536341888,-0.0023625158645783,5.581481210384449e-06,0,0,0,0,0.188801623306777,0.1106614056216017
2016-09-19,0.0244153046458749,-0.0113927769284842,0.0036141621117464,-0.007778614816738,6.050684846717638e-05,0,0,0,0,0.015355388083194,-0.0043717827782924,0.0041089361477871,-0.0002628466305054,6.908835116807614e-08,0,0,0,0,0.2564489774822866,0.1791741032281414
2016-09-20,0.0111910230817545,0.0029515119822689,-0.0052386859122687,-0.0022871739300001,5.231164586072139e-06,0,0,0,0,0.0105171872138678,-0.0056061814665992,0.0031496089028966,-0.0024565725637026,6.034748760736786e-06,0,0,0,0,0.1478104703353874,0.1156604699793094
2016-09-21,0.0131487308663723,-0.0096769839516983,0.0021554650065298,-0.0075215189451682,5.6573247242525385e-05,0,0,0,0,0.0082003425592562,-0.0015721900347341,0.0064793151988348,0.004907125164101,2.4079877376154034e-05,0,0,0,0,0.117639030842333,0.137155655394579
2016-09-22,0.0107965417041791,0.0069597738304251,0.0077973646923928,0.014757138522818,0.0002177731373816,0,0,0,0,0.0077836625337306,0.0016441646722282,0.0061054496269364,0.0077496142991644,6.005652178581382e-05,0,0,0,0,0.1590385269084456,0.1294769817069579
2016-09-23,0.0260350935919058,-0.0170010701295869,0.0002620659547646,-0.0167390041748225,0.0002801942607647,0,0,0,0,0.0086715770581523,-0.0046781684556553,0.0035499409547685,-0.0011282275008865,1.2728972937568042e-06,0,0,0,0,0.239346626596301,0.102567076799065
2016-09-26,0.0159148422121943,0.0112673484864836,-0.0082070041380125,0.0030603443484711,9.365707531219206e-06,0,0,0,0,0.0098040429994988,-0.0058628243025169,-0.0029567810044845,-0.0088196053070017,7.77854377712937e-05,0,0,0,0,0.1911245492312947,0.1047286893464614
2016-09-27,0.0065620524554185,0.0007961431708953,0.0008410615577353,0.001637204728631,2.6804393234518622e-06,0,0,0,0,0.0211842152949905,0.0191773091258149,-0.002533236914038,0.0166440722117768,0.0002770251397908,0,0,0,0,0.0744458575373556,0.1495372031820697
2016-09-28,0.0128798988165573,0.0076588777977198,0.0002670082974106,0.0079258860951303,6.281967039298049e-05,0,0,0,0,0.0055334742610281,-8.629989217903667e-05,-0.0015917597476008,-0.0016780596397798,2.815884154658079e-06,0,0,0,0,0.1233294771515813,0.0670507545180253
2016-09-29,0.0175529803885328,-0.0100993062509061,-0.0047476367525158,-0.0148469430034219,0.0002204317165468,0,0,0,0,0.0152603780800331,-0.0045921321437604,-0.0016411145985161,-0.0062332467422767,3.885336495010391e-05,0,0,0,0,0.1859372781204503,0.1672383553107919
2016-09-30,0.0126298720841949,0.0039876004167294,0.0030227619033082,0.0070103623200377,4.914517985820451e-05,0,0,0,0,0.0059120325214699,0.0004343860022255,-0.0006080875833467,-0.0001737015811209,3.017223928391979e-08,0,0,0,0,0.1444069645905911,0.0669237027998735
2016-10-03,0.0063892310705008,-0.0016871646323312,-0.0034551190409946,-0.0051422836733259,2.644308137695432e-05,0,0,0,0,0.0080269168135067,0.0001742008540245,-0.0028704408001064,-0.0026962399460823,7.269709846850252e-06,0,0,0,0,0.0887403278761165,0.1009541380099669
2016-10-04,0.0140128587202231,0.0002654280042129,0.0043453267504032,0.0046107547546161,2.125905940721536e-05,0,0,0,0,0.0101894029184512,-0.0059461525318893,-0.0010456606041656,-0.0069918131360551,4.8885450929513e-05,0,0,0,0,0.1717345569017203,0.0995766598515187
2016-10-05,0.0083055997906946,-0.0032666784004608,0.0036204728495782,0.0003537944491176,1.251705122264617e-07,0,0,0,0,0.0121508177825129,0.0091158334080089,0.0055973558768011,0.0147131892848104,0.0002164779389306,0,0,0,0,0.1046720052315855,0.1356793441003743
2016-10-06,0.0103859915275611,0.0073313544776444,0.0032684412900484,0.0105997957676926,0.0001123556703167,0,0,0,0,0.0093766965880178,0.0029475530659901,-0.0045909388097195,-0.0016433857437294,2.700716702693244e-06,0,0,0,0,0.1051250569134289,0.1246748178313968
2016-10-07,0.0077186594950208,-0.0014006830618825,0.0002187274446044,-0.001181955617278,1.3970190812151936e-06,0,0,0,0,0.0084941120295995,0.0008640802404037,0.0013840832659383,0.002248163506342,5.0542391512481765e-06,0,0,0,0,0.0856029329146605,0.0974728849418613
2016-10-10,0.0186068588073935,0.0185210918362024,0.0026290421331933,0.021150133969396,0.0004473281669233,0,0,0,0,0.0087742498402214,0.0029307839269797,0.0005180899865482,0.0034488739135278,1.189473127141314e-05,0,0,0,0,0.1094173755035561,0.0945087650623004
2016-10-11,0.0201040358628892,-0.0007734541331139,8.705341976345503e-05,-0.0006864007133509,4.711459392886378e-07,0,0,0,0,0.0189653357302675,-0.0157503856528081,-0.0032796016628908,-0.0190299873156987,0.0003621404172356,0,0,0,0,0.2255424099925756,0.1545364620720672
2016-10-12,0.0103954583047444,0.0046798638910974,0.0063313010945387,0.0110111649856365,0.0001212457543409,0,0,0,0,0.0140748277036375,-8.75388454183085e-05,0.0021907733425868,0.0021032344971683,4.4235953500788585e-06,0,0,0,0,0.1469210091268104,0.1617696590912922
2016-10-13,0.0122679872599565,0.0025235796878279,-0.0089533746684794,-0.0064297949806517,4.1342263493214706e-05,0,0,0,0,0.0154967889958879,0.0092263736084694,-0.0083513298004464,0.0008750438080227,7.657016659589099e-07,0,0,0,0,0.196327667576949,0.1988666336647105
2016-10-14,0.0076552476010617,0.0033181477272842,0.001752489721675,0.0050706374489597,2.5711364138793017e-05,0,0,0,0,0.0102761506915458,0.0068045276943338,-0.0007875049626046,0.0060170227317293,3.620456255414745e-05,0,0,0,0,0.0841790395745845,0.094628252565249
2016-10-17,0.0086053603921277,-0.0030683404561761,-0.0008504125012897,-0.0039187529574662,1.5356624741650424e-05,0,0,0,0,0.0097937124188587,-0.0026166608911718,-0.0019145424001418,-0.0045312032913136,2.0531803267211417e-05,0,0,0,1,0.0927164552205746,0.111097683726226
2016-10-18,0.0053296524822312,0.0030425818991084,0.0032534858135899,0.0062960677126984,3.964046864288347e-05,0,0,0,0,0.0086658736893745,0.0071964927257465,0.0024511419671894,0.0096476346929357,9.3076855168337e-05,0,0,1,0,0.0731119295055382,0.0770376399818558
2016-10-19,0.0071587147375207,-0.0031167450803483,-0.0017850046563646,-0.0049017497367129,2.402715048136576e-05,0,0,0,0,0.0074633688446059,0.0019122126643795,-0.0058122046076346,-0.0038999919432547,1.5209937157451911e-05,0,1,0,0,0.0794635083864965,0.1231887915132129
2016-10-20,0.0088153643348047,0.0006848498407419,-0.0036155937472993,-0.0029307439065573,8.589259845822993e-06,0,0,0,1,0.0143585203157693,-0.0090830318787545,-0.0012164394583672,-0.0102994713371216,0.0001060791098241,1,0,0,0,0.1141935157015673,0.1353467521561049
2016-10-21,0.004973428190052,-0.0016693422817241,-0.0007695267790287,-0.0024388690607528,5.948082295497525e-06,0,0,1,0,0.0497915603131322,0.0417882563897052,0.0073444321879394,0.0491326885776444,0.0024140210868677,0,0,0,0,0.0547225797940421,0.3949438018450649
2016-10-24,0.0070220997763203,0.0055845465822177,0.0015092832835896,0.0070938298658074,5.032242216502134e-05,0,1,0,0,0.016061277457597,0.0148285863371298,0.0008349336712802,0.0156635200084105,0.0002453458590538,0,0,0,0,0.0612465061208528,0.1061793765606702
2016-10-25,0.0058650446767592,0.0019508674561584,0.0015658208881063,0.0035166883442649,1.2367096910689275e-05,1,0,0,0,0.0090070121753202,0.0019694738025319,0.0010684200728694,0.0030378938754012,9.22879919820018e-06,0,0,0,0,0.0676875652273015,0.1006577578821611
2016-10-26,0.0328372725628574,-0.0207221096579083,-0.0054411922077755,-0.0261633018656839,0.0006845183645149,0,0,0,0,0.0106846191212773,-0.0020558848901151,-0.0028750915704856,-0.0049309764606007,2.4314528854998207e-05,0,0,0,0,0.3186282077646848,0.1267119470783761
2016-10-27,0.0078983181941462,-0.0025087798705666,0.0037020061058748,0.001193226235308,1.423788848627404e-06,0,0,0,0,0.0059357140474929,-0.0017333172595175,-0.0009891197641242,-0.002722437023642,7.41166334769701e-06,0,0,0,0,0.103446796280167,0.0662827337123122
2016-10-28,0.015129940109312,-0.0075214627807566,-0.0024453826241225,-0.0099668454048793,9.93380073247647e-05,0,0,0,0,0.0146473990236179,-0.0091353813622047,-0.0009107822529529,-0.0100461636151578,0.0001009254033825,0,0,0,0,0.1576170285268469,0.1382672396982834
2016-10-31,0.0082652365362505,0.0019344066526162,-0.0025491157828394,-0.0006147091302231,3.778673147796415e-07,0,0,0,0,0.0061426274325334,-0.0020785706922428,0.0046620131058113,0.0025834424135684,6.674174704224371e-06,0,0,0,0,0.0994022751821792,0.0990489587559551
2016-11-01,0.0285327752143445,-0.0233543014798645,-0.0029911168601397,-0.0263454183400044,0.0006940810675098,0,0,0,0,0.012903404835908,-0.0088651580011558,-0.0004162330965402,-0.0092813910976956,8.61442207083842e-05,0,0,0,0,0.2274614952522626,0.1156367276276657
2016-11-02,0.0101087768719206,0.0068479623097471,0.0040502282990231,0.0108981906087706,0.000118770558545,0,0,0,0,0.0109015754698438,-0.0041802585745882,0.0068648239452574,0.0026845653706688,7.206891229394416e-06,0,0,0,0,0.1115548998472699,0.1585843925568165
2016-11-03,0.0143679334286006,-0.0087771454305127,-0.0046954498024349,-0.0134725952329479,0.0001815108223108,0,0,0,0,0.0087589047329871,-0.0062274037824305,-0.0013413818242015,-0.0075687856066317,5.7286515559156205e-05,0,0,0,0,0.1551375219471809,0.0796542887051448
2016-11-04,0.015461013125845,-0.0015452958435694,-0.0014583927570674,-0.0030036886006366,9.022145209594258e-06,0,0,0,0,0.0118795784756774,0.000507399588053,-0.0020280554525959,-0.0015206558645428,2.312394258368604e-06,0,0,0,0,0.1744217108126119,0.1370878861563408
2016-11-07,0.0092762285260568,0.0012099852020853,0.0036396764474495,0.0048496616495348,2.351921811496879e-05,0,0,0,0,0.0205417421282459,0.0187765516472764,0.0021957613754154,0.0209723130226917,0.0004398379135217,0,0,0,0,0.1184815807174115,0.141640683179984
2016-11-08,0.0178882717328779,0.0063845787579348,0.000786204554327,0.007170783312262,5.142013331141609e-05,0,0,0,0,0.0100902287411034,0.0006618133927863,0.0004403485115031,0.0011021619042894,1.2147608632669844e-06,0,0,0,0,0.191066563805805,0.1132900234239579
2016-11-09,0.0218183834124529,0.002264596284629,-0.0068379084723945,-0.0045733121877655,2.0915184366765167e-05,0,0,0,0,0.0230394164132134,-0.0037470379825214,-0.004974309709728,-0.0087213476922496,7.606190556910807e-05,0,0,0,0,0.2669546889693724,0.2678643521251578
2016-11-10,0.0405423044114673,-0.0184307802853424,0.0011818926757859,-0.0172488876095564,0.0002975241237671,0,0,0,0,0.0440197784611316,-0.0187202525200637,0.0075628866607472,-0.0111573658593164,0.0001244868129186,0,0,0,0,0.4175974324825823,0.4737660830725967
2016-11-11,0.0209888834182947,0.0114286958236221,-0.0150253244067495,-0.0035966285831277,1.2935737164971191e-05,0,0,0,0,0.0188862058743534,0.0082650465876965,-0.0170158946447636,-0.0087508480570668,7.657734171787029e-05,0,0,0,0,0.3157276056832007,0.3335524245728424
2016-11-14,0.0310161796850906,-0.0237670291922146,-0.0048157159191341,-0.0285827451113487,0.0008169733181003,0,0,0,0,0.0293854653294337,-0.0176889893187589,0.0046933615099189,-0.0129956278088401,0.0001688863421458,0,0,0,0,0.268455753396506,0.2896429097874438
2016-11-15,0.0135727840307363,0.005526687291081,0.0120010889934276,0.0175277762845089,0.0003072229414797,0,0,0,0,0.019530212335887,0.0104069863603652,0.012149674929465,0.0225566612898302,0.0005088029685441,0,0,0,0,0.2377666862298491,0.2733419916437939
2016-11-16,0.0317622418438792,0.0285430174423077,-0.0030874328683781,0.0254555845739297,0.0006479867860004,0,0,0,0,0.0116677654186082,0.0068502107273974,0.0,0.0068502107273977,4.692538700975557e-05,0,0,0,0,0.2240706573540774,0.1121838819047691
2016-11-17,0.0123301755464252,-0.0027534003092178,0.0005462491031679,-0.0022071512060501,4.871516446368832e-06,0,0,0,0,0.023247457396009,0.0174097022905356,0.0032832683091247,0.0206929705996605,0.0004281990322384,0,0,0,0,0.1359903618210585,0.2032414692988193
2016-11-18,0.0077222495198638,-0.000182165953687,0.0021160806718586,0.0019339147181716,3.7400261371607944e-06,0,0,0,0,0.0131770572828801,-0.0040417426241619,0.0028786866961154,-0.0011630559280471,1.3526990917655187e-06,0,0,0,0,0.0929459515680005,0.1495862836348665
2016-11-21,0.0171252495254627,0.0135829348509025,0.0024564448507274,0.0160393797016302,0.000257261701213,0,0,0,0,0.0080771888898674,0.0033848794990924,0.0004131719267142,0.0037980514258073,1.4425194633077308e-05,0,0,0,0,0.1432241317390901,0.0845461276396815
2016-11-22,0.0082263043783278,-0.0015234965464134,0.0030910002822863,0.0015675037358731,2.4570679619761575e-06,0,0,0,0,0.0074550789716662,0.0026242429362304,0.0027101892012351,0.0053344321374648,2.8456166229218053e-05,0,0,0,0,0.1034814826801346,0.0904623456444388
2016-11-23,0.0101557267100485,-0.0012565123157183,-0.002869054073919,-0.0041255663896375,1.702029803530717e-05,0,0,0,0,0.0140092938067854,-0.0102142568439513,-0.0006554153929524,-0.0108696722369034,0.0001181497745377,0,0,0,0,0.1221315899662656,0.1211644441717694
2016-11-25,0.0058449847915754,0.0040439937599717,-0.001079039759403,0.0029649540005687,8.790952225488525e-06,0,0,0,0,0.0039809579935434,0.0004137531607704,0.0003311258308401,0.0007448789916106,5.548447121429537e-07,0,0,0,0,0.054827610151072,0.0448086694368421
2016-11-28,0.0087594410627128,0.0037264413626282,-0.0017973066769939,0.0019291346856342,3.721560635317236e-06,0,0,0,0,0.0128731044437158,0.0058990397194211,-0.0015731735805047,0.0043258661389167,1.871311785182628e-05,0,0,0,0,0.0955508117402201,0.1345974371159349
2016-11-29,0.0167909273991374,0.0012564927336732,-0.0016670731919652,-0.0004105804582921,1.6857631273136748e-07,0,0,0,0,0.0145173761421924,0.0109792172112369,-0.000115333602573,0.010863883608664,0.0001180239670626,0,0,0,0,0.1899223381169143,0.121753692250563
2016-11-30,0.0133059216721535,-0.0093492230793473,-8.947344881357587e-05,-0.0094386965281607,8.908899215071401e-05,0,0,0,0,0.0156506018185597,-0.0111589522319351,-0.0045736767085689,-0.0157326289405039,0.0002475156133795,0,0,0,0,0.1174784098184122,0.15495906998539
2016-12-01,0.0146214271705572,-0.0076260015516028,-0.0013556873150485,-0.0089816888666516,8.067073489733378e-05,0,0,0,0,0.0213970912972026,-0.0163209382653418,-0.0029388098379142,-0.0192597481032565,0.0003709378970008,0,0,0,0,0.1474413302873465,0.1842099421288945
2016-12-02,0.0104164945364474,0.0046579400209897,-0.0039291434140757,0.0007287966069142,5.311444942497568e-07,0,0,0,0,0.0106509377476928,0.002280117527138,-0.0018582655909092,0.0004218519362289,1.779590561000726e-07,0,0,0,0,0.1242971413260356,0.1210696053651038
2016-12-05,0.0153018922097014,-0.0066202896745318,0.0012786649024096,-0.0053416247721225,2.8532955206152982e-05,0,0,0,0,0.0190005716142867,0.0108778580773101,0.0026115174270998,0.01348937550441,0.0001819632514989,0,0,0,0,0.1601503692151639,0.1889143296589641
2016-12-06,0.0102969641066297,0.0005014702300157,0.0038835000263978,0.0043849702564138,1.9227964149633904e-05,0,0,0,0,0.0109763283947254,-0.006308121847474,0.0058086629175875,-0.0004994589298865,2.494592226434325e-07,0,0,0,0,0.1309027791098717,0.1407460019029582
2016-12-07,0.0160815492402853,0.0147282725551463,-0.0044779020177871,0.0102503705373591,0.0001050700961531,0,0,0,0,0.0205203295002475,0.0166058527892061,-0.0014998752915959,0.0151059774976101,0.0002281905561583,0,0,0,0,0.1285383999075679,0.1636454948577773
2016-12-08,0.0161438483713559,0.0121104866530342,-0.000318541318089,0.011791945334945,0.0001390499747823,0,0,0,0,0.0100469967581229,0.0001441335203016,0.0014113125334068,0.0015554460537083,2.4194124259969944e-06,0,0,0,0,0.1363341665006023,0.1149722670190854
2016-12-09,0.0198392898514075,0.013914298960595,0.0022275661726927,0.0161418651332878,0.0002605598099812,0,0,0,0,0.0130837671549337,0.0099179741529021,0.0023082174409686,0.0122261915938706,0.00014947976089,0,0,0,0,0.1788763278854556,0.1154831294821378
2016-12-12,0.0142067884633222,-0.0023437337988871,-0.0068229603304227,-0.0091666941293095,8.402828126031898e-05,0,0,0,0,0.0085505078498565,-0.0006462035766066,0.0017780656102893,0.0011318620336826,1.2811116632922272e-06,0,0,0,0,0.191383147108627,0.0998401817050252
2016-12-13,0.0229565255361889,0.0199757325337157,0.0027862153947652,0.022761947928481,0.0005181062734988,0,0,0,0,0.018465981573044,0.0115565030621601,0.0062859549938339,0.0178424580559948,0.0003183533094799,0,0,0,0,0.1717978465407012,0.1998037405510966
2016-12-14,0.0100385902635622,0.0026055251842889,-0.0047292118381029,-0.0021236866538143,4.510045003589188e-06,0,0,0,0,0.0118964048736171,-0.004925726968911,0.0015227946218591,-0.0034029323470523,1.157994855861526e-05,0,0,0,0,0.1329385841479337,0.1267065693235327
2016-12-15,0.0122521537589474,0.0047575886633025,0.0003468909929847,0.0051044796562873,2.6055712561451457e-05,0,0,0,0,0.0129649965160944,-0.0025518355155476,0.0,-0.0025518355155469,6.511864498406721e-06,0,0,0,0,0.1293887613572167,0.143337286985469
2016-12-16,0.0076235967377095,-0.0060251516409172,0.0055935776840224,-0.0004315739568947,1.8625608026979026e-07,0,0,0,0,0.0140638416349131,-0.0090000360206478,0.005414888210888,-0.0035851478097601,1.2853284817828062e-05,0,0,0,0,0.1080449983090555,0.15628671994123
2016-12-19,0.0137282293306893,0.0083387545301986,8.632969315159995e-05,0.0084250842233499,7.098204417054068e-05,0,0,0,0,0.0210834471959016,0.0178957978876612,0.0029461701522359,0.020841968039897,0.000434387631776,0,0,0,0,0.1303051331776764,0.1643769230519298
2016-12-20,0.0064072663774694,0.0017970994524617,-0.0005137866185982,0.0012833128338636,1.6468918295590898e-06,0,0,0,0,0.01174860744063,-0.0033819686959865,-0.0004709945922699,-0.0038529632882564,1.4845326100652042e-05,0,0,0,0,0.070177076308354,0.1278054652166597
2016-12-21,0.004698779191902,0.003074297895296,-0.000342055758423,0.0027322421368731,7.465147094505295e-06,0,0,0,0,0.0091468860404986,-0.0013384247953223,0.0013384247953223,0.0,0.0,0,0,0,0,0.0434894254498147,0.1040139411813693
2016-12-22,0.0098929536243183,-0.0059670657976259,-0.0039299752067125,-0.0098970410043386,9.795142064156032e-05,0,0,0,0,0.0084799503129115,-0.0007870546419521,0.0033835390465121,0.0025964844045605,6.7417312631259265e-06,0,0,0,0,0.1129497978882065,0.1090196470161985
2016-12-23,0.0071079057896569,0.0035312900052408,-0.0019394467882965,0.0015918432169441,2.533964827331153e-06,0,0,0,0,0.0115553323750806,-0.0083828090732107,-0.0022026440623421,-0.0105854531355529,0.0001120518180849,0,0,0,0,0.0781011622498407,0.1058593011794124
2016-12-27,0.0110131268889664,0.0089731771802722,0.0014614026135434,0.0104345797938156,0.0001088804554735,0,0,0,0,0.0119517069778388,0.0025280468512178,0.0039629123750596,0.0064909592262774,4.213255167719576e-05,0,0,0,0,0.0893448067255204,0.1460605773968554
2016-12-28,0.0113370013154289,-0.0061454614714953,-8.508827914057591e-05,-0.006230549750636,3.881975019515136e-05,0,0,0,0,0.0082357133222286,-0.0051450622066824,-0.0006314128070866,-0.0057764750137687,3.336766358469488e-05,0,0,0,0,0.111892172732828,0.0779086077518126
2016-12-29,0.0057358521148204,-0.0004276420186588,-0.0012003948432263,-0.0016280368618852,2.650504023657286e-06,0,0,0,0,0.0069879666608235,-0.0003976617541568,-0.0019859402007051,-0.0023836019548619,5.681558279221854e-06,0,0,0,0,0.0670128072117375,0.0844468776591213
2016-12-30,0.0143553281600775,-0.0099014972271806,0.000942870682289,-0.0089586265448917,8.025698957083941e-05,0,0,0,0,0.014714814293834,-0.0126230005570804,0.0019867293060841,-0.0106362712509966,0.0001131302661247,0,0,0,0,0.1290184114821977,0.1129856590638299
