,AAPL__hl,AAPL__co,AAPL__ocp,AAPL__log_returns,AAPL__lret_squared,AAPL__earning_horizon1,AAPL__earning_horizon2,AAPL__earning_horizon3,AAPL__earning_horizon4,AAPL
2015-01-05,0.0258253293435383,-0.0218516491801339,-0.0086434904384639,-0.0304951396185977,0.0009299535403577,0,0,0,0,0.2374447970042815
2015-01-06,0.0219652252203274,-0.0011278196684188,0.0050852355559136,0.0039574158874948,1.566114050659685e-05,0,0,0,0,0.2591990803936435
2015-01-07,0.0135448555454793,0.0035370824482529,0.0074052759726907,0.0109423584209435,0.0001197352078123,0,0,0,0,0.1889911716610722
2015-01-08,0.0360495837777409,0.0355214395678236,0.0059380598231878,0.0414594993910113,0.0017188900897532,0,0,0,0,0.2231659594119445
2015-01-09,0.0233599023172326,-0.0037523496185502,0.0007047248073786,-0.0030476248111712,9.288016989666706e-06,0,0,0,0,0.2598284443247035
2015-01-12,0.0335408076329802,-0.0314502696540318,0.0060681963826144,-0.0253820732714178,0.0006442496435556,0,0,0,0,0.2339671036161547
2015-01-13,0.0335542156417021,-0.0119261522970269,0.0201770000462163,0.0082508477491893,6.807648858030351e-05,0,0,0,0,0.4802163726181885
2015-01-14,0.0179905313343519,0.0058549198527994,-0.0065143834522667,-0.000659463599467,4.3489223902197555e-07,0,0,0,0,0.2194041893824976
2015-01-15,0.0306306220061861,-0.0233961118230629,0.0008197095044345,-0.0225764023186285,0.0005096939416525,0,0,0,0,0.2551504925439501
2015-01-16,0.0221813605424352,-0.010052224247526,-0.0029867485335486,-0.0130389727810746,0.0001700148111856,0,0,0,0,0.2332489125602626
2015-01-19,0.0221813605424352,-0.010052224247526,-0.0029867485335486,-0.0130389727810746,0.0001700148111856,0,0,0,0,0.2332489125602626
2015-01-20,0.0139862419747392,0.0046004867495467,0.0135048474692121,0.0181053342187591,0.0003278031271729,0,0,0,0,0.2618151877609597
2015-01-21,0.0269528056638031,0.0167687226953048,0.0014408456687953,0.0182095683640999,0.0003315883800068,0,0,0,0,0.254329615881437
2015-01-22,0.0176164273882981,0.0138941246323231,0.0022119475968632,0.0161060722291863,0.0002594055626517,0,0,0,1,0.146776216316827
2015-01-23,0.0195344844649981,0.0151404665000341,0.0005374417900778,0.0156779082901121,0.0002457968083531,0,0,1,0,0.160744728670715
2015-01-26,0.0101139774241971,-0.0004388933449705,0.0030507268250638,0.0026118334800937,6.8216741277386315e-06,0,1,0,0,0.1233509457881271
2015-01-27,0.0310275630796406,-0.0184447280458667,-0.0036152156768049,-0.022059943722672,0.0004866411170474,1,0,0,0,0.3024517416308528
2015-01-28,0.0545747653031978,0.0436680450520631,0.0048694094473099,0.0485374544993728,0.0023558844892786,0,0,0,0,0.4422951400260084
2015-01-29,0.0245322418637266,0.0175476865975076,-0.0028312832606449,0.0147164033368629,0.0002165725271732,0,0,0,0,0.2188054006096602
2015-01-30,0.0158780166117569,0.0089052811229652,0.0003351052299757,0.0092403863529408,8.538473995161621e-05,0,0,0,0,0.1551592467075433
2015-02-02,0.0200964402759235,-0.0074295988268816,-0.0091010972421271,-0.016530696069009,0.0002732639125259,0,0,0,0,0.2576567053401323
2015-02-03,0.0120855052218367,-0.0013557942614245,0.0064452954502485,0.0050895011888241,2.5903022351042125e-05,0,0,0,0,0.1693903521739987
2015-02-04,0.0182006876852885,0.0163280926130304,-0.0003384953912316,0.0159895972217984,0.0002556672193153,0,0,0,0,0.1257582338362862
2015-02-05,0.0070970852895592,-0.0009513531987476,0.0019565342986455,0.0010051810998983,1.0103890435928234e-06,0,0,0,0,0.0849882541854918
2015-02-06,0.0114162696815048,-0.0050062682781441,0.0033915124724654,-0.0016147558056789,2.607436311973829e-06,0,0,0,0,0.129925234618967
2015-02-09,0.0085567338293921,0.0073791237700668,-0.0057050761673074,0.0016740476027594,2.8024353763047125e-06,0,0,0,0,0.1101220069548874
2015-02-10,0.0167219587130393,0.016064928466013,0.0002496550556636,0.0163145835216766,0.0002661656354857,0,0,0,0,0.1006232028136149
2015-02-11,0.0218414530861823,0.0218414530861823,0.0008228621447612,0.0226643152309438,0.0005136711848875,0,0,0,0,0.1176431403611432
2015-02-12,0.0230997995514162,0.0145883252008273,0.0001590104733433,0.0147473356741705,0.0002174839094866,0,0,0,0,0.2156917377546713
2015-02-13,0.0128884501436775,-0.0090055115286923,0.0063111601087176,-0.0026943514199748,7.259529574320608e-06,0,0,0,0,0.1518972566235211
2015-02-16,0.0128884501436775,-0.0090055115286923,0.0063111601087176,-0.0026943514199748,7.259529574320608e-06,0,0,0,0,0.1518972566235211
2015-02-17,0.0148622195068315,0.0054165547086236,0.0073566221875092,0.0127731768961325,0.0001631540480198,0,0,0,0,0.1965038118463584
2015-02-18,0.0069615831231863,0.0014883869419566,-0.0006269592681852,0.0008614276737715,7.42057637139393e-07,0,0,0,0,0.0773939510127628
2015-02-19,0.0057135782677648,0.0019584746674538,0.0040235970100932,0.0059820716775473,3.578518155531458e-05,0,0,0,0,0.0884284778771843
2015-02-20,0.0057533979261655,0.0013972987834702,0.0016598869101821,0.0030571856936525,9.346384365473777e-06,0,0,0,0,0.068374364239235
2015-02-23,0.0261682873746211,0.0261682873746211,0.0006203955220311,0.0267886828966523,0.0007176335313373,0,0,0,0,0.1404227007618763
2015-02-24,0.0178364732309985,0.001658616695801,1.5104587943844244e-06,0.001660127154595,2.756022169423924e-06,0,0,0,0,0.1995440108579379
2015-02-25,0.0147640853550263,-0.0118475657173937,-0.0071126207841321,-0.0189601865015256,0.0003594886721726,0,0,0,0,0.1629410916947213
2015-02-26,0.0325402423969508,-0.0032373704168801,-0.002921143569408,-0.0061585139862883,3.792729451930867e-05,0,0,0,0,0.3668070094849735
2015-02-27,0.0152804331375998,-0.007877096873351,0.0050898544371355,-0.0027872424362156,7.768720398241309e-06,0,0,0,0,0.172939915979094
2015-03-02,0.0146134738050409,-0.0023291935996009,-0.0002326212548775,-0.0025618148544785,6.562895348627183e-06,0,0,0,0,0.1624600725126966
2015-03-03,0.0102485215963242,0.002861896217959,0.0034917591248438,0.0063536553428029,4.036893621512868e-05,0,0,0,0,0.1245360500441936
2015-03-04,0.0083790046039846,-0.0021708800586408,-0.0027069895489169,-0.0048778696075579,2.379361190833787e-05,0,0,0,0,0.1011632881517568
2015-03-05,0.0230210201884803,-0.0152595826155588,-0.0010872098609177,-0.0163467924764764,0.0002672176242689,0,0,0,0,0.2107278529700115
2015-03-06,0.0198335515765348,-0.0100243614901967,0.0123805392698485,0.0023561777796516,5.551573729324374e-06,0,0,0,0,0.2800151403239782
2015-03-09,0.0187876209395417,-0.0061985160208945,0.0067461818451283,0.000547665824234,2.999378550339557e-07,0,0,0,0,0.2284805911831944
2015-03-10,0.0254838979054322,-0.0188911627752367,-0.0003263601291794,-0.0192175229044164,0.0003693131865817,0,0,0,0,0.2170584791461522
2015-03-11,0.0212187338288258,-0.0121780609031611,0.0004008819456377,-0.0117771789575233,0.0001387019441975,0,0,0,0,0.2057501505588389
2015-03-12,0.0222794306299945,0.0206493429561604,-0.0083109742616977,0.0123383686944626,0.0001522353420404,0,0,0,0,0.1960644283887537
2015-03-13,0.0215407836738426,-0.0106719421773362,-0.003371872173516,-0.0140438143508525,0.0001972287215212,0,0,0,0,0.2241495141026102
2015-03-16,0.0130583408390411,0.0066118608878079,0.004703219827654,0.0113150807154625,0.0001280310515974,0,0,0,0,0.1510106256442294
2015-03-17,0.0222407896585981,0.0210798646711759,0.0005624071172225,0.0216422717883983,0.0004683879281629,0,0,0,0,0.1383804019201713
2015-03-18,0.0151547373530777,0.008378363142525,-9.673906767541589e-05,0.0082816240748493,6.858529731712412e-05,0,0,0,0,0.1486838112183312
2015-03-19,0.0136427764037869,-0.0039041542689611,0.0012510724412501,-0.0026530818277108,7.038843184529523e-06,0,0,0,0,0.1495407248091077
2015-03-20,0.0065635491140036,-0.0017966649366873,0.0020312506984078,0.0002345857617207,5.5030479602105166e-08,0,0,0,0,0.0784449817700769
2015-03-23,0.0102217951503142,0.0011766089642252,-0.002505873593211,-0.0013292646289859,1.7669444538732111e-06,0,0,0,0,0.120883268637453
2015-03-24,0.0106893462446356,-0.0021252320171887,-0.0043160381165499,-0.0064412701337386,4.1489960935793274e-05,0,0,0,0,0.1365710632089938
2015-03-25,0.0190262531493796,-0.0164336640812662,-0.0024456641119972,-0.0188793281932637,0.0003564290330289,0,0,0,0,0.1443233910199809
2015-03-26,0.0171228610535609,-0.0010453943294536,-0.0009359065419357,-0.0019813008713893,3.925553142968272e-06,0,0,0,0,0.1925008729981475
2015-03-27,0.0123411706020987,-0.0099246386902392,0.0020896969507688,-0.0078349417394703,6.138631206089393e-05,0,0,0,0,0.1034522108211801
2015-03-30,0.0151285328604066,0.0130501031428385,0.006224505768578,0.019274608911417,0.000371510548688,0,0,0,0,0.1484014254336614
2015-03-31,0.0111337617009694,-0.004378562183621,0.0015109483020197,-0.0028676138816017,8.223209373954925e-06,0,0,0,0,0.1196998197058134
2015-04-01,0.0155462095776487,-0.0083553468386341,-0.0030366736751698,-0.0113920205138038,0.0001297781313869,0,0,0,0,0.1611835574249745
2015-04-02,0.0069026057226645,-0.0001600384095602,0.0083561469669746,0.0081961085574144,6.717619548492292e-05,0,0,0,0,0.1536126519690239
2015-04-03,0.0069026057226645,-0.0001600384095602,0.0083561469669746,0.0081961085574144,6.717619548492292e-05,0,0,0,0,0.1536126519690239
2015-04-06,0.0239221389229239,0.0211342357168064,-0.0037682946976809,0.0173659410191255,0.0003015759074797,0,0,0,0,0.1794547973941249
2015-04-07,0.0113092098583317,-0.0040127517553193,0.0015795743149647,-0.0024331774403547,5.920352456251348e-06,0,0,0,0,0.1231927155872931
2015-04-08,0.0126351850344581,-0.006655336235661,-0.0017367643191282,-0.0083921005547891,7.04273517216918e-05,0,0,0,0,0.128701020834574
2015-04-09,0.0124320425336017,-0.0048561423310459,0.00127125394524,-0.0035848883858058,1.28514247386856e-05,0,0,0,0,0.1326108614880775
2015-04-10,0.0144252323040483,0.0070392191640002,0.0052530779929867,0.0122922971569869,0.0001511005693956,0,0,0,0,0.1683726158200458
2015-04-13,0.0128560634392336,-0.0011818429068057,0.0015758384203532,0.0003939955135474,1.5523246469552886e-07,0,0,0,0,0.1459961949588575
2015-04-14,0.0101900091927068,-0.0060752090281469,0.0015744315619455,-0.0045007774662013,2.0256997800265993e-05,0,0,0,0,0.1005742002209085
2015-04-15,0.0064858251562367,-0.0001578158292558,0.0030027679614866,0.0028449521322309,8.093752634685171e-06,0,0,0,0,0.0870061464676156
2015-04-16,0.0067930750957191,0.0010666246295372,-0.0017376198985405,-0.0006709952690031,4.502346510246239e-07,0,0,0,0,0.0804021101127117
2015-04-17,0.0134580629215393,-0.0119570974211221,-0.0034409826899992,-0.0153980801111215,0.0002371008711085,0,0,0,0,0.1090276457867129
2015-04-20,0.0228268716343799,0.0192477850329749,0.0063152214362259,0.0255630064692007,0.0006534672997443,0,0,0,0,0.1990980952118553
2015-04-21,0.010832131032228,-0.0065825799946943,0.0007907523028958,-0.0057918276917985,3.354526801148434e-05,0,0,0,0,0.1035555206572236
2015-04-22,0.0131299529058136,0.0082748513362239,-0.0016524377210891,0.0066224136151347,4.385636208992164e-05,0,0,0,1,0.1254764971686729
2015-04-23,0.0154966251698966,0.0149105249576754,0.0001179216462361,0.0150284466039116,0.0002258542073266,0,0,1,0,0.0928410229105182
2015-04-24,0.0093195883840188,-0.0006157217686019,0.0005864846796599,-2.923708894231325e-05,8.548073698207356e-10,0,1,0,0,0.1048497470250216
2015-04-27,0.0203453212188795,0.0089290568794962,0.0030782764002112,0.0120073332797074,0.0001441760524899,1,0,0,0,0.2162917481517658
2015-04-28,0.0317904753558149,-0.0136949317623907,0.0116402147045019,-0.0020547170578888,4.221862187979387e-06,0,0,0,0,0.3784536631195799
2015-04-29,0.0242291589407363,-0.008170231975344,-0.0076470511058431,-0.0158172830811871,0.0002501864440704,0,0,0,0,0.2867172005455543
2015-04-30,0.0247703281637162,-0.0244510943222183,-0.0061174273279195,-0.0305685216501379,0.0009344345158749,0,0,0,0,0.1689416775812095
2015-05-01,0.0172525498232927,0.0108881687544421,0.006204776886883,0.0170929456413251,0.0002921687906972,0,0,0,0,0.1888522357628269
2015-05-04,0.0228626815594709,0.010369266957209,0.0003938650279717,0.0107631319851808,0.0001158450101304,0,0,0,0,0.2354415946865304
2015-05-05,0.019732563468003,-0.0159076444198061,-0.0043568309365742,-0.0202644753563805,0.0004106489614693,0,0,0,0,0.1709117674690777
2015-05-06,0.0262128132514105,-0.0222612615600118,0.0035967707398568,-0.0186644908201549,0.0003483632175756,0,0,0,0,0.203948236717738
2015-05-07,0.0162358107121974,0.009743691202575,0.0093991114855883,0.0191428026881634,0.0003664468947579,0,0,0,0,0.2150216423288086
2015-05-08,0.0114383773136869,0.0095803301301559,0.0019859465716168,0.0115662767017727,0.0001337787567419,0,0,0,0,0.0924369093997856
2015-05-11,0.0147749322474168,-0.0037015202727483,-0.0004990500470009,-0.0042005703197491,1.764479101115778e-05,0,0,0,0,0.1619710553302926
2015-05-12,0.015968561759484,0.0069332613054053,-0.0083987499480051,-0.0014654886425997,2.147656961588905e-06,0,0,0,0,0.2126634711514708
2015-05-13,0.0091656773144795,0.0019012918664203,-0.003517713284988,-0.0016164214185678,2.6128182024050024e-06,0,0,0,0,0.1155493066707318
2015-05-14,0.0133616373418893,0.0131264530762625,0.0062337942082789,0.0193602472845415,0.0003748191749185,0,0,0,0,0.1245586475327556
2015-05-15,0.0095015541483463,-0.0021749270652001,0.0004656577499739,-0.001709269315226,2.921601591973435e-06,0,0,0,0,0.1047348390503193
2015-05-18,0.0177589478254838,0.0149844465858444,-0.0007779074682444,0.0142065391176,0.0002018257536999,0,0,0,0,0.1342866789280163
2015-05-19,0.0072835322700089,0.0017618450304121,-7.66665389270316e-05,0.0016851784914848,2.839826548163196e-06,0,0,0,0,0.0798973670249666
2015-05-20,0.0088482710700817,0.0032325940838929,-0.0036804212683621,-0.0004478271844692,2.0054918714963726e-07,0,0,0,0,0.1107294485884015
2015-05-21,0.0127056612404837,0.010247826150409,-0.0037704557127497,0.0064773704376595,4.195632778666525e-05,0,0,0,0,0.117047356872666
2015-05-22,0.0118028643464359,0.0087826124795907,0.0003787789520252,0.0091613914316157,8.39310929632827e-05,0,0,0,0,0.1004001302559217
2015-05-25,0.0118028643464359,0.0087826124795907,0.0003787789520252,0.0091613914316157,8.39310929632827e-05,0,0,0,0,0.1004001302559217
2015-05-26,0.0248344667562314,-0.0218850474606636,-0.0006032272841643,-0.0224882747448278,0.0005057225009988,0,0,0,0,0.1765724301260187
2015-05-27,0.0165489663257175,0.0146079360427264,0.0027715777230674,0.0173795137657939,0.0003020474987354,0,0,0,0,0.1251810777721299
2015-05-28,0.0060078510681391,0.0005697032000492,-0.0028376992721438,-0.0022679960720943,5.143806183035538e-06,0,0,0,0,0.080904407177916
2015-05-29,0.0110151806018127,-0.0061068892081793,-0.0021666009957712,-0.0082734902039507,6.845064015486885e-05,0,0,0,0,0.1133163722853455
2015-06-01,0.0106314818343519,-0.003167155834629,0.0048884912505699,0.0017213354159411,2.9629956141731384e-06,0,0,0,0,0.1388785190981274
2015-06-02,0.0097291620939987,0.0008446919296629,-0.0050192637799021,-0.0041745718502395,1.742705013281209e-05,0,0,0,0,0.1349292862384286
2015-06-03,0.0074392805098426,-0.0024532498304663,0.0027602337162234,0.000306983885757,9.423910611447064e-08,0,0,0,0,0.0911443547637154
2015-06-04,0.0125636599169728,-0.0058948033180528,-0.0030740878804217,-0.0089688911984744,8.044100933007224e-05,0,0,0,0,0.1374310361639868
2015-06-05,0.0098408449817476,-0.0061149770128902,0.0031972025454045,-0.0029177744674857,8.513407843111789e-06,0,0,0,0,0.105536870355389
2015-06-08,0.0179529343433836,-0.0108378901854969,0.001318433699525,-0.0095194564859721,9.062005178831796e-05,0,0,0,0,0.1720888252297126
2015-06-09,0.0186857676043248,0.0062057810843485,-0.0052662727330339,0.0009395083513146,8.826759421899189e-07,0,0,0,0,0.2173333901739283
2015-06-10,0.0111228930355894,0.0102660724305986,0.0018787180325274,0.0121447904631262,0.0001474959353932,0,0,0,0,0.0788573699269803
2015-06-11,0.0106630588438419,-0.001549547067624,-0.0005417747123736,-0.0020913217799978,4.373626787493264e-06,0,0,0,0,0.119023246803053
2015-06-12,0.0114041519157833,-0.0109882813475402,-0.0007104950339297,-0.0116987763814702,0.0001368613688236,0,0,0,0,0.0689948985488731
2015-06-15,0.0123989742432668,-0.0023573796867121,-0.0004708098015406,-0.0028281894882526,7.998655781463051e-06,0,0,0,0,0.1374242979162042
2015-06-16,0.0108611173132242,0.0053207273086608,-0.0004721435404042,0.0048485837682568,2.3508764557803396e-05,0,0,0,0,0.1102893439219703
2015-06-17,0.00801402985567,-0.0054162383672699,9.551105860899509e-05,-0.005320727308661,2.8310139093131634e-05,0,0,0,0,0.0723802152035524
2015-06-18,0.0087678657823292,0.0048631361041729,0.0010226960730886,0.0058858321772619,3.464302041889164e-05,0,0,0,0,0.0874507388905528
2015-06-19,0.0091152603475253,-0.0057741189944533,-0.0010960621155231,-0.0068701811099765,4.7199388483877974e-05,0,0,0,0,0.0867540182740711
2015-06-22,0.0075259057003465,-0.0003138239473424,0.0043631287156775,0.0040493047683352,1.6396869106862226e-05,0,0,0,0,0.1091982416548503
2015-06-23,0.0052642038675604,-0.0021387024859484,0.0008627789860274,-0.0012759234999211,1.6279807776509518e-06,0,0,0,0,0.0568683715280242
2015-06-24,0.0197069897562128,0.0077462145480368,0.0002553149716818,0.0080015295197184,6.402447465492564e-05,0,0,0,0,0.2076278603041956
2015-06-25,0.0124620041371788,-0.0099759224950943,0.0050534607057631,-0.0049224617893308,2.4230630067422447e-05,0,0,0,0,0.1277326852085012
2015-06-26,0.0115517374302524,-0.00818661455916,7.832386923879271e-05,-0.0081082906899214,6.574437791226721e-05,0,0,0,0,0.1014451246069852
2015-06-29,0.0109681595496142,-0.0108882458563601,-0.0010191627157605,-0.0119074085721209,0.0001417863789034,0,0,0,0,0.0622803949753398
2015-06-30,0.0095618258393416,0.0012739554216383,0.0042263130568357,0.0055002684784741,3.0252953335296665e-05,0,0,0,0,0.1259490272051768
2015-07-01,0.0068032476864666,0.0001570056644211,0.0021434499637476,0.0023004556281684,5.2920960971721106e-06,0,0,0,0,0.0835894137894554
2015-07-02,0.0070498133476224,-0.0028517129591888,0.0023758623672926,-0.0004758505918962,2.264337858080154e-07,0,0,0,0,0.0830241425072788
2015-07-03,0.0070498133476224,-0.0028517129591888,0.0023758623672926,-0.0004758505918962,2.264337858080154e-07,0,0,0,0,0.0830241425072788
2015-07-06,0.0097942586649845,-0.0032636691510175,-0.0020654347315,-0.0053291038825173,2.8399348190661965e-05,0,0,0,0,0.1101136512390275
2015-07-07,0.0178407474311101,-0.0088225237154737,0.0051704366866278,-0.0036520870288456,1.3337739666262824e-05,0,0,0,0,0.1981527678064087
2015-07-08,0.0126768844764219,-0.008636140584509,-0.0030695514654119,-0.011705692049921,0.0001370232263675,0,0,0,0,0.1239461437740747
2015-07-09,0.0300288465980363,-0.028122175281664,0.0034036875114173,-0.0247184877702468,0.0006110036376478,0,0,0,0,0.1988736921960052
2015-07-10,0.0189594630663018,0.0130464994679989,0.0113560952334734,0.0244025947014727,0.0005954866281643,0,0,0,0,0.2474284903333724
2015-07-13,0.0172539654730352,0.0166168784314083,0.0008097822128476,0.0174266606442556,0.00030368850121,0,0,0,0,0.1039041533840477
2015-07-14,0.0100287185373152,0.0038507235967935,0.0006768666467081,0.0045275902435015,2.049907341305068e-05,0,0,0,0,0.10651043081257
2015-07-15,0.0118336707098455,0.0092582263673722,-0.0030956090918819,0.0061626172754905,3.797785168417396e-05,0,0,0,0,0.1082375473011601
2015-07-16,0.0084606850174665,0.0080705629042983,0.0011807770884237,0.0092513399927218,8.558729166093517e-05,0,0,0,1,0.0550480203383822
2015-07-17,0.0103202028531562,0.0096243158568893,0.0003924623865824,0.0100167782434716,0.0001003358463788,0,0,1,0,0.0666461987176571
2015-07-20,0.0240284532294993,0.0238015660415838,0.0007723200878176,0.0245738861294015,0.0006038758795007,0,1,0,0,0.1332309020860161
2015-07-21,0.0176399385777207,-0.0115221423573016,0.0003022536006072,-0.0112198887566945,0.0001258859037126,1,0,0,0,0.1621926718011584
2015-07-22,0.0606382380595007,-0.0432237160196164,-0.0061951049644619,-0.0494188209840782,0.0024422198674563,0,0,0,0,0.5395388947079629
2015-07-23,0.0131608797331122,0.0032567482830563,0.0042817307247492,0.0075384790078052,5.682866575112033e-05,0,0,0,0,0.1594107295129369
2015-07-24,0.0139363302544046,-0.01009947667459,-0.0031849696483346,-0.0132844463229244,0.0001764765141066,0,0,0,0,0.1307628587027477
2015-07-27,0.013004033747835,-0.0074466077967142,-0.0012107544187981,-0.0086573622155126,7.49499205305854e-05,0,0,0,0,0.1275875889522107
2015-07-28,0.0099051174703446,0.0021030076868565,0.0039738911222748,0.0060768988091317,3.692869913642699e-05,0,0,0,0,0.1261389686588819
2015-07-29,0.0096831681637316,-0.0008130081748635,-0.0061581632844104,-0.0069711714592739,4.85972315145957e-05,0,0,0,0,0.1459673852799407
2015-07-30,0.0067130829265031,-0.001882237963125,-0.0052189631629298,-0.0071012011260549,5.0427057432684026e-05,0,0,0,0,0.110441115944646
2015-07-31,0.012237485698283,-0.0098425821892411,0.0035160917699323,-0.0063264904193087,4.002448102560569e-05,0,0,0,0,0.1120453680118017
2015-08-03,0.0401461388600499,-0.0238627101411127,0.0015641856637647,-0.0222985244773479,0.0004972241938668,0,0,0,0,0.3850462337502467
2015-08-04,0.0379233393039149,-0.0199981170675491,-0.0082558513340939,-0.0282539684016431,0.000798286730441,0,0,0,0,0.3993189026821371
2015-08-05,0.0452052743434644,0.0148965285396887,-0.0175880864919273,-0.0026915579522386,7.24448421025902e-06,0,0,0,0,0.5602099986733108
2015-08-06,0.0204365864313555,-0.0017265197658938,0.0124830384000637,0.01075651863417,0.0001157026931272,0,0,0,0,0.3026589669116684
2015-08-07,0.0146519592004764,0.004005578326759,-0.0098112356370851,-0.0058056573103257,3.370565680493922e-05,0,0,0,0,0.2230367440746739
2015-08-10,0.0317567648798769,0.030172615052925,0.0099443078115931,0.0401169228645179,0.0016093675001176,0,0,0,0,0.2517288878412724
2015-08-11,0.0412874946238764,-0.0343355387332577,-0.0181984726680753,-0.0525340114013332,0.0027598223539154,0,0,0,0,0.4283468507394189
2015-08-12,0.0461483835463795,0.0114884585056694,-0.0022048045110448,0.0092836539946246,8.618623149190944e-05,0,0,0,0,0.5066711410611336
2015-08-13,0.0149083958658267,0.0080340515169836,0.005391247021378,0.0134252985383618,0.0001802386408441,0,0,0,0,0.170428888362286
2015-08-14,0.011738754856576,0.0077354694532406,-0.0142974423229305,-0.0065619728696897,4.305948794254415e-05,0,0,0,0,0.2510989670165496
2015-08-17,0.0183594337745879,0.0152779557396662,0.0010384216924812,0.0163163774321475,0.0002662241725082,0,0,0,0,0.1414929586875938
2015-08-18,0.0122511705788902,0.0041551602973549,-0.0078673229456201,-0.0037121626482652,1.3780151527175586e-05,0,0,0,0,0.1811856901925317
2015-08-19,0.0159172910760642,-0.0024110160802454,-0.0068214004323373,-0.0092324165125829,8.52375146618152e-05,0,0,0,0,0.2075655205740396
2015-08-20,0.0258814075214913,-0.0168351997970171,-0.0104966872179782,-0.027331887014995,0.0007470320478004,0,0,0,0,0.2908195091550659
2015-08-21,0.0377955986378965,-0.0329237625345104,-0.0090524717261959,-0.0419762342607064,0.0017620042427097,0,0,0,0,0.3084183551485069
2015-08-24,0.1479609223631042,-0.0272923147612597,-0.0038927050141007,-0.0311850197753607,0.0009725054583896,0,0,0,0,1.6400472723599593
2015-08-25,0.0264124366970042,-0.0067683577391859,0.034618497165841,0.027850139426655,0.0007756302660841,0,0,0,0,0.6208439354651799
2015-08-26,0.0301756545069294,-0.0027889321874122,-0.0071704921468345,-0.0099594243342466,9.919013306958494e-05,0,0,0,0,0.3562744512118049
2015-08-27,0.0472875402542853,0.0337669275977767,0.0117412635854304,0.0455081911832069,0.0020709954647673,0,0,0,0,0.4533160461025375
2015-08-28,0.0148638800676833,0.0064085666593846,0.0028614881369015,0.009270054796286,8.593391592614627e-05,0,0,0,0,0.160944789049595
2015-08-31,0.0222613104765733,0.0064805588783778,-0.0038223967603056,0.0026581621180725,7.065825845956058e-06,0,0,0,0,0.2490680620502278
2015-09-01,0.0253910152627717,-0.0249227275682599,-0.0079074759774042,-0.0328302035456644,0.0010778222648497,0,0,0,0,0.1911123406971104
2015-09-02,0.0204022855667457,0.0094915966815716,0.0067429369022387,0.0162345335838103,0.0002635600806838,0,0,0,0,0.2348098960254671
2015-09-03,0.0231730171575409,-0.006480984578244,0.0028757530932835,-0.0036052314849603,1.2997694060149712e-05,0,0,0,0,0.2562338012105353
2015-09-04,0.0172599143395127,-0.0117911882082005,-0.0063406009527742,-0.0181317891609746,0.000328761778178,0,0,0,0,0.1847510513961802
2015-09-07,0.0172599143395127,-0.0117911882082005,-0.0063406009527742,-0.0181317891609746,0.000328761778178,0,0,0,0,0.1847510513961802
2015-09-08,0.0200081413789373,0.0081136943149154,0.0138032471663374,0.0219169414812525,0.0004803523238926,0,0,0,0,0.303390855406324
2015-09-09,0.0215784804650598,-0.0081213847038687,0.0121610688186335,0.0040396841147649,1.6319047747084384e-05,0,0,0,0,0.2991947759183183
2015-09-10,0.0280628499616582,0.0112550880459381,-0.0018930287782509,0.009362059267687,8.764815373168541e-05,0,0,0,0,0.2963098058751084
2015-09-11,0.0175050927987194,0.016411989577553,-0.0077507439069758,0.0086612456705768,7.501717656608536e-05,0,0,0,0,0.1659159241148008
2015-09-14,0.0267345031111771,0.0149306353909143,0.0001768431392773,0.0151074785301914,0.0002282359075401,0,0,0,0,0.2614642124472573
2015-09-15,0.0137604153823964,0.0023284905523005,0.0038062329689004,0.006134723521201,3.763483268157723e-05,0,0,0,0,0.1642589631749833
2015-09-16,0.0088853904162128,-0.002498816517157,0.0009470920678666,-0.0015517244492904,2.407848766525641e-06,0,0,0,0,0.0978055346823066
2015-09-17,0.0097891369490514,-0.0060632494110577,-0.0009494627617591,-0.0070127121728167,4.917813201877205e-05,0,0,0,0,0.0933951999997522
2015-09-18,0.0194274246192204,-0.0087425245192043,-0.0021769986988839,-0.0109195232180883,0.0001192359873103,0,0,0,0,0.2032473871196044
2015-09-21,0.0118096110745868,0.0089231630472599,-0.0004392708175176,0.0084838922297421,7.19764273658785e-05,0,0,0,0,0.0993502775309093
2015-09-22,0.0141670551349727,-0.005640236540038,-0.0096299153740634,-0.0152701519141014,0.0002331775394797,0,0,0,0,0.2134511001649972
2015-09-23,0.0111480263746454,0.0052005572083018,0.005731685370964,0.0109322425792655,0.0001195139278119,0,0,0,0,0.1459624742949824
2015-09-24,0.0180710924438852,0.0091611900187482,-0.0086356246631815,0.0005255653555669,2.762189429721777e-07,0,0,0,0,0.2275296718040776
2015-09-25,0.0168920565511597,0.0038348910065994,0.0009350156138458,0.0047699066204454,2.2752009167768932e-05,0,0,0,0,0.1863913615733615
2015-09-28,0.0193229167018529,-0.0136517729158684,-0.0016036518204702,-0.0152554247363387,0.000232727983886,0,0,0,0,0.1719035679529427
2015-09-29,0.0326841108527738,-0.0244058661872144,-0.0033628350274993,-0.0277687012147138,0.000771100767152,0,0,0,0,0.2818963094669538
2015-09-30,0.0222109580264688,-0.0096539911895605,0.0021767533425997,-0.0074772378469605,5.59090858200189e-05,0,0,0,0,0.2329819291813391
2015-10-01,0.017364031764756,-0.0052355563051774,-0.00174399264536,-0.0069795489505377,4.871410355295277e-05,0,0,0,0,0.1899692320736412
2015-10-02,0.0257058080163485,0.0213899652108242,-0.0047111075078967,0.0166788577029275,0.0002781842942745,0,0,0,0,0.2105077789906434
2015-10-05,0.0164622649980416,0.0097916138632632,-0.0048606632596138,0.0049309506036494,2.431427385563091e-05,0,0,0,0,0.1754064079477044
2015-10-06,0.0171177185817822,0.009180156272053,-0.0025320538504586,0.0066481024215945,4.4197265808011e-05,0,0,0,0,0.1741603393425194
2015-10-07,0.0211524530340327,-0.0130714264429123,0.0004495495377136,-0.0126218769051984,0.0001593117766099,0,0,0,0,0.1994839757112956
2015-10-08,0.0179411895841235,-0.0116789648641469,0.0001814388102597,-0.0114975260538874,0.0001321931053598,0,0,0,0,0.1651911681271637
2015-10-09,0.022487956051625,0.0187507240672034,0.0082314469948079,0.0269821710620115,0.0007280375552196,0,0,0,0,0.2157962305871232
2015-10-12,0.009565545429695,-0.001009528064404,0.0004465681313889,-0.0005629599330152,3.1692388618053493e-07,0,0,0,0,0.1071447695535934
2015-10-13,0.0149704588770315,0.003851696792989,-0.0038248819894286,2.6814803560704092e-05,7.190336899991489e-10,0,0,0,0,0.1745879395582127
2015-10-14,0.0170044118090261,-0.0079811983466103,-0.0066362004819839,-0.0146173988285944,0.0002136683485141,0,0,0,0,0.2032974781027063
2015-10-15,0.014287882903668,0.0077298813351242,0.0052782504896135,0.0130081318247379,0.0001692114935697,0,0,0,0,0.1640922220349231
2015-10-16,0.0130327640837163,-0.0114061140493719,0.0025026825908447,-0.0089034314585272,7.927109173669237e-05,0,0,0,0,0.1015636210666898
2015-10-19,0.0127190285970887,0.0036935315175665,0.0008126044418084,0.0045061359593749,2.030526128437237e-05,0,0,0,0,0.1386429705226778
2015-10-20,0.0291679934288269,0.0253099243600981,-0.0019801986668625,0.0233297256932356,0.0005442761009216,0,0,0,0,0.2140705049650019
2015-10-21,0.0161416754690937,0.0070052825884079,-0.0003075098317548,0.0066977727566528,4.4860159899761015e-05,0,0,0,0,0.1675602262161638
2015-10-22,0.0091580419603906,0.0037087984568167,-0.0019215657934689,0.0017872326633479,3.194200592937643e-06,0,0,0,1,0.1007921629295962
2015-10-23,0.032040663015607,0.0316193184155149,0.0032602256099474,0.0348795440254625,0.0012165825914241,0,0,1,0,0.1862947978033764
2015-10-26,0.0267709793134362,-0.0245421619267803,-0.0076842261156978,-0.0322263880424782,0.0010385400862643,0,1,0,0,0.2157520604936684
2015-10-27,0.0140194266222177,-0.0019646831658029,0.0029493428735329,0.0009846597077305,9.695547400279918e-07,1,0,0,0,0.1630364482856296
2015-10-28,0.0172550620896995,0.0099051379308659,0.0101708509851499,0.0200759889160155,0.0004030453309559,0,0,0,0,0.2324489692206587
2015-10-29,0.0186295632001825,0.0185422862707088,0.0044143661845553,0.0229566524552642,0.0005270078919517,0,0,0,0,0.1231708501582576
2015-10-30,0.0107023250971765,-0.0032458186573712,0.0004986785321982,-0.002747140125173,7.54677886733594e-06,0,0,0,0,0.116056462684873
2015-11-02,0.010634862612243,0.0084777238003292,-0.0005002918473395,0.0079774319529901,6.363942056458849e-05,0,0,0,0,0.0855410224872989
2015-11-03,0.0226907557040118,0.0208946927306657,-0.0012478755465145,0.0196468171841512,0.0003859974254674,0,0,0,0,0.1508836998766947
2015-11-04,0.0154726213775846,-0.0062783034714979,-0.0023543749458722,-0.0086326784173702,7.45231366577302e-05,0,0,0,0,0.1665064759198439
2015-11-05,0.0200904346228279,-0.0117172724356424,0.0013225164423548,-0.0103947559932877,0.0001080509521599,0,0,0,0,0.1947626482099544
2015-11-06,0.0098173456890266,-0.0021466322642061,0.0063707657660089,0.0042241335018031,1.784330384105594e-05,0,0,0,0,0.1480647767939535
2015-11-09,0.0130656404550381,-0.0049743097097277,-0.0005787276421289,-0.005553037351857,3.083622383111991e-05,0,0,0,0,0.1385109096376383
2015-11-10,0.0342356474206528,-0.03333142732844,-0.001252446217473,-0.0345838735459129,0.0011960443094396,0,0,0,0,0.1998180784794258
2015-11-11,0.0183161476564452,0.0080571193251448,-0.0001720874208336,0.0078850319043111,6.217372813200413e-05,0,0,0,0,0.1896276970976377
2015-11-12,0.0095472277239169,0.0013785974956091,-0.0100382561116328,-0.0086596586160236,7.498968734607335e-05,0,0,0,0,0.1915542074314545
2015-11-13,0.0252031374517159,-0.0218824053262714,-0.0037136202126905,-0.0255960255389622,0.0006551565233912,0,0,0,0,0.1920861252158049
2015-11-16,0.024194094238708,0.0109346980317296,-0.0035857683922004,0.0073489296395292,5.400676684675176e-05,0,0,0,0,0.2556468792482947
2015-11-17,0.0109384607520621,-0.0025875027559168,0.0015346863751115,-0.0010528163808052,1.1084223316918286e-06,0,0,0,0,0.1225465919624192
2015-11-18,0.0218718633512535,0.0163594721790516,0.007793463433433,0.0241529356124847,0.0005833642987008,0,0,0,0,0.2225504183985042
2015-11-19,0.0251186617428386,0.0138302174227186,0.0056027150942981,0.0194329325170166,0.0003776388662109,0,0,0,0,0.2622781844979069
2015-11-20,0.0087958682272663,-4.192256902178127e-05,0.0023075147974107,0.0022655922283889,5.132908145336441e-06,0,0,0,0,0.1053086598047107
2015-11-23,0.0178649803149316,-0.0151837585984469,0.0015499657502625,-0.013633792848184,0.0001858803074271,0,0,0,0,0.1355596830350131
2015-11-24,0.0152123812317585,0.0086192343530966,-0.000408243115888,0.0082109912372088,6.742037709751985e-05,0,0,0,0,0.1482178085992001
2015-11-25,0.0101130138824161,-0.0065656801517515,0.0047937520840366,-0.0017719280677153,3.139729077157318e-06,0,0,0,0,0.1203368808619799
2015-11-26,0.0101130138824161,-0.0065656801517515,0.0047937520840366,-0.0017719280677153,3.139729077157318e-06,0,0,0,0,0.1203368808619799
2015-11-27,0.006610213521287,-0.001945772789354,-0.0007603599403213,-0.0027061327296751,7.3231543506189476e-06,0,0,0,0,0.0726821687374784
2015-11-30,0.0134974577597662,0.0081040457035178,-0.0009319270382605,0.0071721186652569,5.1439286148526566e-05,0,0,0,0,0.1295393630729422
2015-12-01,0.0139005602512792,-0.013226989458784,-0.0017671566007463,-0.0149941460595304,0.0002248244160545,0,0,0,0,0.0900130456106517
2015-12-02,0.0107279000362796,-0.0014495002958561,-8.70568635504226e-05,-0.0015365571594063,2.361007904122976e-06,0,0,0,0,0.1195761193662241
2015-12-03,0.0190089916356287,-0.0190089916356288,-0.00145759652443,-0.0204665881600587,0.0004188812309134,0,0,0,0,0.104351417232293
2015-12-04,0.0338233625361127,0.0332583864292697,0.0046137533672423,0.0378721397965118,0.0014342989727665,0,0,0,0,0.2045340396809976
2015-12-07,0.0145558078726706,-0.0068299940873797,-0.0003705195844344,-0.007200513671814,5.1847397137981314e-05,0,0,0,0,0.1489608198449039
2015-12-08,0.0139314591736845,-0.0014842775354908,-0.0016936239123218,-0.0031779014478128,1.0099057612010853e-05,0,0,0,0,0.1579972965130282
2015-12-09,0.0218192910557334,-0.0179288525368824,-0.0016565085445269,-0.0195853610814094,0.0003835863686891,0,0,0,0,0.1714247247856149
2015-12-10,0.0102511467865113,0.0048979998294335,0.005180016762739,0.010078016592173,0.0001015664184321,0,0,0,0,0.1329182902338356
2015-12-11,0.0225259691837493,-0.0171363390967252,-0.0101405823856044,-0.02727692148233,0.0007440304455531,0,0,0,0,0.2475120998007885
2015-12-14,0.0274744060410438,-0.0081788026108607,-0.0057429473993072,-0.013921750010168,0.0001938151233456,0,0,0,0,0.3113033582103267
2015-12-15,0.0140287338481752,-0.002644480240996,-0.0008933357749721,-0.0035378160159678,1.2516142162838346e-05,0,0,0,0,0.1559417092156193
2015-12-16,0.0277151238098946,-0.0094855522102346,-0.0034523589480003,-0.012937911158235,0.0001673895451383,0,0,0,0,0.3017099294590418
2015-12-17,0.0222267104404347,-0.0189189295896016,0.014604990133785,-0.0043139394558164,1.8610073628450223e-05,0,0,0,0,0.2848818808505859
2015-12-18,0.0283397318772113,-0.0216005913377218,-0.0016962789504532,-0.023296870288175,0.000542744165224,0,0,0,0,0.2376982666356153
2015-12-21,0.0168060137264711,-0.0049544387392844,0.0007462686913502,-0.0042081700479341,1.7708695152330254e-05,0,0,0,0,0.1825884523741685
2015-12-22,0.0106438506827039,-0.0002796811652969,0.0053273643449494,0.0050476831796522,2.5479105482143813e-05,0,0,0,0,0.1463526084328058
2015-12-23,0.0148196684996882,0.0115029097654883,-0.0006528937414222,0.0108500160240661,0.0001177228477224,0,0,0,0,0.1220627569222065
2015-12-24,0.0083145736893041,-0.0039623342784159,0.0035010583811278,-0.0004612758972877,2.1277545341859796e-07,0,0,0,0,0.1013467922506199
2015-12-25,0.0083145736893041,-0.0039623342784159,0.0035010583811278,-0.0004612758972877,2.1277545341859796e-07,0,0,0,0,0.1013467922506199
2015-12-28,0.0166209898844491,-0.0091162642303811,-0.0036061992426168,-0.0127224634729983,0.0001618610768217,0,0,0,0,0.173192147077528
2015-12-29,0.0226710602605051,0.0212675607205869,0.0,0.0212675607205872,0.0004523091390038,0,0,0,0,0.1439810134374042
2015-12-30,0.0134292363190374,-0.0087274189406351,-0.006609166705188,-0.0153365856458234,0.0002352108592716,0,0,0,0,0.1622232347283614
2015-12-31,0.0218682054660067,-0.0211641729695018,-0.0036000489352532,-0.0247642219047548,0.0006132666865479,0,0,0,0,0.1411311876404337
2016-01-01,0.0218682054660067,-0.0211641729695018,-0.0036000489352532,-0.0247642219047548,0.0006132666865479,0,0,0,0,0.1411311876404337
2016-01-04,0.0299699358985298,0.0030455939079638,-0.0008937010869537,0.00215189282101,4.630642713114489e-06,0,0,0,0,0.3353671924300824
2016-01-05,0.0304870397695477,-0.0172801849069117,0.001235576982101,-0.0160446079248108,0.0002574294434609,0,0,0,0,0.2973694492957089
2016-01-06,0.022812424603012,-0.0180788648538693,-0.0110208664937094,-0.0290997313475789,0.0008467943645012,0,0,0,0,0.2536964592548923
2016-01-07,0.0280538930404395,-0.0275541676791926,-0.0050335248220705,-0.0325876925012629,0.0010619577025568,0,0,0,0,0.1778793175805897
2016-01-08,0.0230690196167891,-0.008274218511941,0.0096085784738488,0.0013343599619077,1.7805165079425395e-06,0,0,0,0,0.2892332987224582
2016-01-11,0.0175157227547831,-0.0043626102774103,0.0131453464712989,0.0087827361938881,7.713645505143275e-05,0,0,0,0,0.2834603568093382
2016-01-12,0.0178516633538448,0.003833354840403,0.0059810609644943,0.0098144158048976,9.632275759142407e-05,0,0,0,0,0.218490897115195
2016-01-13,0.0285700294741191,-0.0160726714611161,0.0103171146023812,-0.0057555568587344,3.312643475412473e-05,0,0,0,0,0.3233004107123635
2016-01-14,0.0409115940334549,0.0137305719052569,-0.0043569206473444,0.0093736512579121,8.786533790495745e-05,0,0,0,0,0.4442124378084036
2016-01-15,0.0217146355020678,0.0108017777178702,-0.0399132482454653,-0.0291114705275949,0.000847477716279,0,0,0,0,0.6704528203548124
2016-01-18,0.0217146355020678,0.0108017777178702,-0.0399132482454653,-0.0291114705275949,0.000847477716279,0,0,0,0,0.6704528203548124
2016-01-19,0.0309291420696163,-0.0145696566151556,0.0068972498753353,-0.0076724067398199,5.886582518123456e-05,0,0,0,0,0.3344504428599278
2016-01-20,0.0268213875562351,0.0018838927558573,-0.0059512707364141,-0.0040673779805566,1.6543563636717293e-05,0,0,0,0,0.3149960239175758
2016-01-21,0.0297827305690561,0.0021017891676667,0.002818680280655,0.0049204694483218,2.4211019591868308e-05,0,0,0,1,0.3366533708990193
2016-01-22,0.0286184239516946,0.0276244868854721,0.0170958081570264,0.0447202950424983,0.001999904788688,0,0,1,0,0.3202513405673949
2016-01-25,0.0130980241253422,-0.0012922103019857,0.0009948311647698,-0.0002973791372156,8.843435125110314e-08,0,1,0,0,0.1473200257868627
2016-01-26,0.0256259344468143,-0.0001972339813078,-0.0038405457749451,-0.0040377797562531,1.6303665360008073e-05,1,0,0,0,0.2940338649016217
2016-01-27,0.0431243740106343,-0.0362377219070414,-0.0190453859858755,-0.055283107892917,0.0030562220182999,0,0,0,0,0.4448578165844024
2016-01-28,0.0186184638297028,0.0022394452054571,-0.007100300631321,-0.0048608554258637,2.3627915471149408e-05,0,0,0,0,0.2364185698157607
2016-01-29,0.0258460498264728,0.0258460498264728,0.0006298357863732,0.0264758856128461,0.0007009725189845,0,0,0,0,0.1387128084113747
2016-02-01,0.0132245380222734,-0.000829617386585,-0.0035192485001265,-0.0043488658867114,1.8912634500602668e-05,0,0,0,0,0.158398190950725
2016-02-02,0.0143739490373438,-0.0085196950966337,-0.0094919443835343,-0.0180116394801679,0.0003244191567635,0,0,0,0,0.2041358996460716
2016-02-03,0.0177525139950047,0.0084976311891504,0.0035913269029495,0.0120889580920997,0.0001461429077525,0,0,0,0,0.18955205489603
2016-02-04,0.0220278922137689,0.0054973164200698,0.000834334920874,0.0063316513409441,4.008980870327992e-05,0,0,0,0,0.2416036099906966
2016-02-05,0.027412129454174,-0.023587242380373,0.0066611836304753,-0.0169260587498976,0.0002864914648049,0,0,0,0,0.2273802735663397
2016-02-08,0.0150938239691154,-0.0070779753472916,-0.0007394092171072,-0.0078173845643991,6.11115014277065e-05,0,0,0,0,0.1548118717745844
2016-02-09,0.0149006746474057,0.007805319544763,0.0079308466260415,0.0157361661708046,0.0002476269257551,0,0,0,0,0.1946677923627066
2016-02-10,0.0140096384395359,-0.0016269126367878,0.0031617839458715,0.0015348713090839,2.355829935448981e-06,0,0,0,0,0.1642911107908693
2016-02-11,0.0254695127977767,-0.0211610184120517,-0.0017368927871787,-0.0228979111992306,0.0005243143372878,0,0,0,0,0.197244569291663
2016-02-12,0.0166332867730447,-0.0050977170716687,0.0145115649410452,0.0094138478693768,8.862053170777056e-05,0,0,0,0,0.292228998045992
2016-02-15,0.0166332867730447,-0.0050977170716687,0.0145115649410452,0.0094138478693768,8.862053170777056e-05,0,0,0,0,0.292228998045992
2016-02-16,0.0236858433555278,0.0236858433555278,0.0036231134287778,0.0273089567843052,0.000745779120647,0,0,0,0,0.139224044838939
2016-02-17,0.0205937357030521,0.020487667752588,-0.0039468503982774,0.0165408173543109,0.0002735986387486,0,0,0,0,0.1284596506769738
2016-02-18,0.0203146186175694,-0.0129290600846772,0.0004186426127335,-0.0125104174719439,0.0001565105453223,0,0,0,0,0.1891292433447042
2016-02-19,0.0096568639007107,-0.0028030124763013,-0.0046542981056332,-0.0074573105819344,5.5611481115431376e-05,0,0,0,0,0.1282351087722266
2016-02-22,0.0084814452375238,0.0018674141747959,0.0011429166395552,0.0030103308143512,9.062091611832375e-06,0,0,0,0,0.0951499192610918
2016-02-23,0.0156671693765317,-0.0135246572116957,-0.0008295313623754,-0.014354188574071,0.0002060427296199,0,0,0,0,0.1153047420250939
2016-02-24,0.022655756088864,0.0053556773275415,-0.001210974245661,0.0041447030818804,1.717856363694904e-05,0,0,0,0,0.2495015704920362
2016-02-25,0.0117936972053764,0.0073488083843634,0.0006297493102506,0.0079785576946136,6.365738288627855e-05,0,0,0,0,0.1112126940929258
2016-02-26,0.0162540625655764,0.0062016648585298,0.001404508463554,0.0076061733220837,5.785387260557927e-05,0,0,0,0,0.1733251930637417
2016-02-29,0.0146721967200153,0.0047305723759267,0.0001030874698097,0.0048336598457368,2.3364267504288345e-05,0,0,0,0,0.1579515035793254
2016-03-01,0.0326176237074036,0.0286695578615769,0.0018450189735688,0.0305145768351455,0.000931139399428,0,0,0,0,0.2343018344103684
2016-03-02,0.0115730569159239,-0.0047875615083736,9.85123148660997e-05,-0.0046890491935074,2.1987182339132703e-05,0,0,0,0,0.1210251629101147
2016-03-03,0.0120721830261256,0.0062398063100663,0.0062789860950431,0.0125187924051091,0.0001567201632822,0,0,0,0,0.1565503581444942
2016-03-04,0.0225805084703819,0.0130313367463998,0.0039436354385511,0.0169749721849514,0.0002881496806798,0,0,0,0,0.227229083040118
2016-03-07,0.0143009363324312,-0.0118657925668142,-0.0042209486196954,-0.0160867411865095,0.0002587832420017,0,0,0,0,0.1286576686576119
2016-03-08,0.0126583968719236,-0.0018752792121191,-9.96399643898639e-05,-0.0019749191765092,3.900305753744057e-06,0,0,0,0,0.140889242758671
2016-03-09,0.0123823111199983,-0.0018758953025349,0.0020735628264041,0.0001976675238695,3.90724499927056e-08,0,0,0,0,0.1416314960379259
2016-03-10,0.020060960320581,-0.0079253827300977,0.0023758689336708,-0.0055495137964269,3.079710337673346e-05,0,0,0,0,0.2145127219993959
2016-03-11,0.0072641921473822,-0.0008822232596908,0.0141104516905838,0.0132282284308931,0.0001749860274198,0,0,0,0,0.2382173053790459
2016-03-14,0.0105552191860839,0.0029377224417868,0.0,0.0029377224417865,8.630213144976526e-06,0,0,0,0,0.1148820085422963
2016-03-15,0.0214482744165066,0.0176337897897491,0.0057534377235931,0.0233872275133424,0.0005469624107608,0,0,0,0,0.1898300720405366
2016-03-16,0.0142770877120725,0.011323078343126,-0.0017208417248512,0.0096022366182748,9.220294807333866e-05,0,0,0,0,0.1181038853462821
2016-03-17,0.0136262517117654,0.0057268774737518,-0.0034126248942953,0.0023142525794566,5.355765001521575e-06,0,0,0,0,0.1521089610280634
2016-03-18,0.0102059478217935,-0.0057542791459398,0.0042901846156277,-0.0014640945303123,2.143572793690618e-06,0,0,0,0,0.1205788740497302
2016-03-21,0.0167786007994941,-0.0017952478011007,0.0013225016097217,-0.0004727461913787,2.234889614630802e-07,0,0,0,0,0.1886762154146994
2016-03-22,0.0192042049879295,0.0141235935868312,-0.0027463438825207,0.0113772497043105,0.0001294418108342,0,0,0,0,0.1701512779013783
2016-03-23,0.008076703952145,-0.0025346176441818,-0.0027142953391581,-0.0052489129833399,2.7551087506674793e-05,0,0,0,0,0.0972141004686883
2016-03-24,0.0125985590219288,-0.0063269528838956,-0.0017893619613805,-0.0081163148452758,6.587456666764536e-05,0,0,0,0,0.1300355436638004
2016-03-25,0.0125985590219288,-0.0063269528838956,-0.0017893619613805,-0.0081163148452758,6.587456666764536e-05,0,0,0,0,0.1300355436638004
2016-03-28,0.008677316141391,-0.0053908486348765,0.0046324828766613,-0.0007583657582155,5.751186232338141e-07,0,0,0,0,0.1098460986602742
2016-03-29,0.0233983911883304,0.0220850255255503,-0.0019012847226496,0.0201837408029006,0.0004073833927986,0,0,0,0,0.149711675312225
2016-03-30,0.0238490372093645,0.0153832818560173,0.0011155485479979,0.0164988304040152,0.0002722114047004,0,0,0,0,0.2212304860351925
2016-03-31,0.0086818000189467,-0.0037482331216891,0.0018266513436015,-0.0019215817780873,3.6924765298772353e-06,0,0,0,0,0.0947115422532925
2016-04-01,0.0162976671869245,0.0059486865948391,-0.0020179717208191,0.0039307148740199,1.5450519420841824e-05,0,0,0,0,0.1762066358372515
2016-04-04,0.0190910795964766,0.0124685388359835,0.0034608413413937,0.0159293801773774,0.0002537451528354,0,0,0,0,0.1838683596026637
2016-04-05,0.0110789364223489,-0.0027168941336907,-0.008207242850919,-0.01092413698461,0.0001193367688585,0,0,0,0,0.1781051969490183
2016-04-06,0.0111044128392623,-0.0042659470185314,0.0022668550306462,-0.0019990919878849,3.996368776025797e-06,0,0,0,0,0.1227200305094792
2016-04-07,0.0162525335172171,-0.0127972496014702,0.0014542812961199,-0.0113429683053505,0.0001286629299761,0,0,0,0,0.1336894513865832
2016-04-08,0.013760422608743,-0.0026495424643188,0.0047724025968441,0.0021228601325256,4.506535142266632e-06,0,0,0,0,0.1700415649557227
2016-04-11,0.015572502468694,0.0058400825222545,0.0013669037176987,0.0072069862399533,5.194065066287629e-05,0,0,0,0,0.1664513640644375
2016-04-12,0.0144335519218452,0.0064619109950311,-0.0018144595194492,0.0046474514755816,2.1598805217886098e-05,0,0,0,0,0.1517039543915785
2016-04-13,0.0170357062556158,0.0161430723871046,0.000589955670675,0.0167330280577799,0.0002799942279824,0,0,0,0,0.1062381201867579
2016-04-14,0.0089406049279616,0.00477353476901,-0.0043810700857936,0.0003924646832165,1.5402852757224353e-07,0,0,0,0,0.1126515691402331
2016-04-15,0.0225151541642505,-0.0181774104211203,5.3505979305924185e-05,-0.0181239044418144,0.000328475912216,0,0,0,0,0.1780708297907712
2016-04-18,0.025089872212614,-0.0250889381565082,-0.0030923171526629,-0.0281812553091711,0.0007941831508006,0,0,0,0,0.1430102180538146
2016-04-19,0.0148372058862298,-0.0045666076003333,0.0039153587820557,-0.0006512488182779,4.241250233084115e-07,0,0,0,0,0.1719624906557077
2016-04-20,0.0175590576566517,0.0090067575754381,-0.0030919709745008,0.0059147866009374,3.4984700534629447e-05,0,0,0,0,0.1826490888182911
2016-04-21,0.0136456183934255,-0.0093888587539033,-0.0057306747089847,-0.0151195334628879,0.0002286002921353,0,0,0,1,0.1521718574983411
2016-04-22,0.0173357251948473,-0.0009475732951082,-0.0045386304010399,-0.0054862036961482,3.009843099563097e-05,0,0,1,0,0.207292140519429
2016-04-25,0.0099403924264532,0.0016162003803271,-0.0031349477059527,-0.0015187473256257,2.306593439095324e-06,0,1,0,0,0.1211304600965836
2016-04-26,0.0118457632777728,-0.0028702775763785,-0.0063868386801273,-0.009257116256506,8.569420138646856e-05,1,0,0,0,0.1647971790111831
2016-04-27,0.0797884260558565,-0.0617884458594583,-0.002042112456205,-0.0638305583156633,0.0040743401748892,0,0,0,0,0.6569184053960335
2016-04-28,0.019084719953212,-0.0107577915529226,-0.0045119289081993,-0.0152697204611218,0.0002331643629608,0,0,0,0,0.1993909554737445
2016-04-29,0.0364303394945591,-0.029587813290563,-0.0038301834553565,-0.0334179967459196,0.0011167625065102,0,0,0,0,0.2927450752668691
2016-05-02,0.0168319802650077,-0.0113453491592563,0.0090734692630178,-0.0022718798962384,5.161438262932426e-06,0,0,0,0,0.2095573293973101
2016-05-03,0.0209217911571105,0.0161865475313947,0.0082571192409192,0.024443666772314,0.0005974928452759,0,0,0,0,0.2164004032895534
2016-05-04,0.0201402400420957,-0.0088058823763558,-0.0023114109891582,-0.0111172933655141,0.0001235942117749,0,0,0,0,0.2119128561855696
2016-05-05,0.0148832984468647,-0.0113406586131712,0.0035571852382215,-0.0077834733749497,6.0582457778552096e-05,0,0,0,0,0.1363067810529127
2016-05-06,0.016834324388778,-0.011308073758254,0.0047230658859582,-0.0065850078722955,4.33623286781943e-05,0,0,0,0,0.1699448567124908
2016-05-09,0.0123438480346043,-0.0021521583686258,0.0075529059959306,0.0054007476273043,2.916807493383366e-05,0,0,0,0,0.1819986181579928
2016-05-10,0.0147634869670174,-0.0023635593297971,0.0038705563857227,0.0015069970559258,2.2710401265691176e-06,0,0,0,0,0.1751983936616278
2016-05-11,0.0094554794881874,-0.0040325887375885,0.0022562459208835,-0.0017763428167048,3.155393802458747e-06,0,0,0,0,0.1047138433094091
2016-05-12,0.0348681304341576,-0.0246235517805481,-0.001078648446626,-0.0257022002271742,0.0006606030965177,0,0,0,0,0.3073425316585608
2016-05-13,0.0179501499918907,0.0037682992309553,-0.0046553693035021,-0.0008870700725469,7.868933136084657e-07,0,0,0,0,0.2113701275003705
2016-05-16,0.0264933485680854,0.0264933485680854,0.0139577014598973,0.0404510500279826,0.0016362874483663,0,0,0,0,0.2630704054442214
2016-05-17,0.0144734926457318,-0.006717840263712,0.0004239253317436,-0.0062939149319682,3.961336517085343e-05,0,0,0,0,0.1484818028136473
2016-05-18,0.0136470020628472,0.0017012231641551,0.0049071999476181,0.0066084231117731,4.3671256024217136e-05,0,0,0,0,0.1710347989158309
2016-05-19,0.0114714829934716,-0.0048796108278279,0.0039230289405684,-0.0009565818872596,9.150489070332654e-07,0,0,0,0,0.1346900456679456
2016-05-20,0.0125395180100073,0.0098904313267239,0.0019122496000262,0.0118026809267504,0.0001393032770586,0,0,0,0,0.1058829627300859
2016-05-23,0.0180712006093177,0.0141520577207503,0.0026630999510604,0.0168151576718109,0.0002827495275278,0,0,0,0,0.1530955574743122
2016-05-24,0.0119093772108968,0.007134272054103,0.0030943054537051,0.0102285775078079,0.0001046237978332,0,0,0,0,0.1238107929403382
2016-05-25,0.0171957291724248,0.0135790887022364,0.0026038897046939,0.0161829784069302,0.0002618887901191,0,0,0,0,0.1449694075974553
2016-05-26,0.01798908712882,0.0063316910986651,0.0036176432775475,0.0099493343762127,9.898925452968784e-05,0,0,0,0,0.2004242648078742
2016-05-27,0.0122676350096813,0.0056674425088283,-0.0094462403373274,-0.0037787978284988,1.4279313028667858e-05,0,0,0,0,0.1957598797478622
2016-05-30,0.0122676350096813,0.0056674425088283,-0.0094462403373274,-0.0037787978284988,1.4279313028667858e-05,0,0,0,0,0.1957598797478622
2016-05-31,0.0107166469105334,-0.0036166404701884,-0.0025538960775251,-0.0061705365477138,3.807552128667202e-05,0,0,0,0,0.1218236680394371
2016-06-01,0.0067537175213667,-0.0020129056482651,-0.0005063681182864,-0.0025192737665511,6.3467403108327906e-06,0,0,0,0,0.0736029146063323
2016-06-02,0.0209046726980007,-0.0140016349970836,-0.0029303310010129,-0.0169319659980966,0.0002866914725607,0,0,0,0,0.1953004062862295
2016-06-03,0.0079737687604454,0.002044990487728,0.0026031806282167,0.0046481711159445,2.1605494723100835e-05,0,0,0,0,0.0964976403672405
2016-06-06,0.0157653833480486,0.0123912262914667,-0.0006130581575483,0.0117781681339188,0.0001387252445908,0,0,0,0,0.1283156204967442
2016-06-07,0.0075388530758956,0.0032728109634347,0.0005066357276456,0.0037794466910803,1.4284217290718007e-05,0,0,0,0,0.0786327063515895
2016-06-08,0.0085747256040157,-0.0019170085621666,-0.0017614942021694,-0.0036785027643362,1.353138258722931e-05,0,0,0,0,0.098429911098665
2016-06-09,0.0129999968219309,0.0088275104578067,-0.0036918308408985,0.0051356796169081,2.6375205127526307e-05,0,0,0,0,0.1309311166763354
2016-06-10,0.0085491385544832,0.0007078930365897,-0.0073577915974104,-0.0066498985608207,4.4221150869206094e-05,0,0,0,0,0.1510060466438051
2016-06-13,0.0203844248368493,-0.0086130542907842,-0.0039503723188323,-0.0125634266096166,0.0001578396881752,0,0,0,0,0.221510937694963
2016-06-14,0.0170081936672882,-0.0034889722411446,-0.0006656255845974,-0.004154597825742,1.7260683093660257e-05,0,0,0,0,0.1880844827185424
2016-06-15,0.0076503662773804,0.0006122243712411,0.0054334030845444,0.0060456274557854,3.6549611334146336e-05,0,0,0,0,0.1215630082220399
2016-06-16,0.0164076869089306,-0.0040635203163177,-0.0017385101668823,-0.0058020304832,3.36635577279826e-05,0,0,0,0,0.181865295803353
2016-06-17,0.0142629038040158,-0.0088362755927329,-0.0070512560641813,-0.0158875316569142,0.0002524136621494,0,0,0,0,0.1748169330283794
2016-06-20,0.0095754270343897,-0.0038555771203259,0.0039599885012612,0.0001044113809354,1.0901736468841552e-08,0,0,0,0,0.1185640427409677
2016-06-21,0.0106460979176637,0.0040620976386374,-0.001306449191084,0.002755648447553,7.593598366501532e-06,0,0,0,0,0.1144753533128257
2016-06-22,0.0153452796697116,-0.0057253058072742,0.003074057840058,-0.0026512479672158,7.029115783666074e-06,0,0,0,0,0.1698841177562166
2016-06-23,0.008152632696818,-0.003863629303697,0.0016689270589086,-0.0021947022447887,4.816717943280968e-06,0,0,0,0,0.0873120555541797
2016-06-24,0.0238034531688895,-0.0205310058398508,-0.0030231568928627,-0.0235541627327133,0.0005547985820391,0,0,0,0,0.1807255515167239
2016-06-27,0.0164967243175434,-0.0143807369220102,-0.0026342845286007,-0.0170150214506108,0.0002895109549647,0,0,0,0,0.1261225170444368
2016-06-28,0.0089698521892625,0.0004266312785432,0.0110565411610055,0.0114831724395485,0.0001318632492764,0,0,0,0,0.2023024733166694
2016-06-29,0.0163208228026635,0.0154739034211076,0.001401430290797,0.0168753337119049,0.0002847768878881,0,0,0,0,0.1036760472506396
2016-06-30,0.0148436862120249,0.0137933221323357,-0.0010596588890258,0.0127336632433099,0.000162146179594,0,0,0,0,0.0975935893423699
2016-07-01,0.011680182846251,0.0039711620794989,-0.0013603308747664,0.0026108312047328,6.816439579606638e-06,0,0,0,0,0.1269682042099353
2016-07-04,0.011680182846251,0.0039711620794989,-0.0013603308747664,0.0026108312047328,6.816439579606638e-06,0,0,0,0,0.1269682042099353
2016-07-05,0.0095783590789159,-0.0073989559981869,-0.0048134014803024,-0.0122123574784893,0.0001491416751824,0,0,0,0,0.1098600867609445
2016-07-06,0.0122595256556715,0.0061123596351314,-0.0012275760298614,0.0048847836052696,2.386111087031137e-05,0,0,0,0,0.1252201939070633
2016-07-07,0.0088491454047224,0.002505483031044,0.004717788364897,0.0072232713959414,5.217564965942634e-05,0,0,0,0,0.1219202226285067
2016-07-08,0.0085009842237278,0.0013465225505423,0.0063426258899699,0.0076891484405123,5.9123003740234017e-05,0,0,0,0,0.1380825526147016
2016-07-11,0.0087489621932359,0.0037217703420201,0.0026886502196881,0.0064104205617079,4.1093491777967816e-05,0,0,0,0,0.1005875569048562
2016-07-12,0.0058518723536626,0.0010269049988476,0.0010145903472761,0.0020414953461238,4.167703248245363e-06,0,0,0,0,0.0668696343814567
2016-07-13,0.0072959271383816,-0.0026696801973763,0.000923313735766,-0.0017463664616101,3.049795818236908e-06,0,0,0,0,0.07891816515326
2016-07-14,0.0141817405144737,0.0139675482374484,0.0007194614627625,0.0146870097002111,0.000215708253934,0,0,0,0,0.0805002090449016
2016-07-15,0.0072850744154644,-0.0002026342458797,0.0001114437539452,-9.11904919345119e-05,8.315705819258279e-09,0,0,0,0,0.0817694541678707
2016-07-18,0.015398080111122,0.0095928341076377,0.0020244970979836,0.0116173312056213,0.0001349623843411,0,0,0,0,0.1481536992216497
2016-07-19,0.0066218763088864,0.0033411458191099,-0.0034433112249905,-0.0001021654058805,1.0437770158746574e-08,0,0,0,0,0.0861749125478666
2016-07-20,0.005897363286134,-0.0016012813669736,0.0016713960044344,7.011463746042779e-05,4.916062386207223e-09,0,0,0,0,0.0695450455178182
2016-07-21,0.0159684031787312,-0.0043088397743886,0.0017012763673074,-0.0026075634070812,6.799386921949109e-06,0,0,0,1,0.1762122654594858
2016-07-22,0.0107212625227411,-0.0076742487697166,-0.001810233588231,-0.0094844823579474,8.995540559821566e-05,0,0,1,0,0.0978560396622537
2016-07-25,0.0170403592690619,-0.0118600511554735,-0.0026393274888951,-0.0144993786443685,0.0002102319810727,0,1,0,0,0.1570024080168927
2016-07-26,0.013772057345334,-0.0046418155448099,-0.0005154583603727,-0.0051572739051826,2.659747413307752e-05,1,0,0,0,0.1478778414747597
2016-07-27,0.0619550409806088,0.0554077424139323,0.0125368820321204,0.0679446244460524,0.0046164719911151,0,0,0,0,0.4737034944327184
2016-07-28,0.0128551615363477,0.0102406459624551,-0.0052300361345945,0.0050106098278606,2.510621084705336e-05,0,0,0,0,0.132311767916569
2016-07-29,0.0070162236980538,0.0019663803367331,0.0010567271265304,0.0030231074632633,9.139178734438852e-06,0,0,0,0,0.0781514517169265
2016-08-01,0.0107645716755029,0.0096157517599052,0.0012966531125011,0.0109124048724065,0.0001190805800993,0,0,0,0,0.0776091333611111
2016-08-02,0.0191416504124337,-0.0079909101010302,0.0003790750614014,-0.0076118350396288,5.794003267052095e-05,0,0,0,0,0.1999673888094285
2016-08-03,0.0095939942729605,0.0070829569045365,0.0010500693055941,0.0081330262101309,6.614611533467619e-05,0,0,0,0,0.0836170553614804
2016-08-04,0.0073863559031079,0.0050626867869382,0.0021297942302448,0.0071924810171828,5.173178318253549e-05,0,0,0,0,0.0743125672784272
2016-08-05,0.0154461296983051,0.0145167616016721,0.0024170697042842,0.0169338313059563,0.0002867546426985,0,0,0,0,0.1049728967512216
2016-08-08,0.0093814812010532,0.0038052855792846,-9.29843322076116e-05,0.0037123012470772,1.378118054905109e-05,0,0,0,0,0.0983977779949152
2016-08-09,0.0068278545384106,0.0048787635822527,0.0020825913640299,0.0069613549462825,4.8460462688132986e-05,0,0,0,0,0.0681907185262663
2016-08-10,0.0099714683170551,-0.0071639910185415,0.0004221580616944,-0.0067418329568469,4.545231161802753e-05,0,0,0,0,0.08704618445665
2016-08-11,0.0073740030659625,-0.000184331797757,0.004954655681864,0.0047703238841068,2.2755989959279863e-05,0,0,0,0,0.1141678977714567
2016-08-12,0.0058275336376088,-0.0015650245941176,-0.0032395674811927,-0.0048045920753101,2.308410501013303e-05,0,0,0,0,0.0817633014115552
2016-08-15,0.0131880062886984,0.0097938571658212,0.002220372824508,0.0120142299903291,0.0001443417222605,0,0,0,0,0.1175556291978014
2016-08-16,0.0084221740722561,-0.0021031943664314,0.0022404533056353,0.0001372589392039,1.8840016391382744e-08,0,0,0,0,0.0988529381084951
2016-08-17,0.0081288811950338,-0.0001821677880203,-0.0003669810451093,-0.0005491488331297,3.015644409277453e-07,0,0,0,0,0.0914145780164246
2016-08-18,0.0046685314526711,0.0001831334132034,-0.0002746875446482,-9.155413144457114e-05,8.38215898456981e-09,0,0,0,0,0.0525541897809029
2016-08-19,0.0117389462485133,0.0007341891870528,-0.0014669241529749,-0.000732734965922,5.369005302848277e-07,0,0,0,0,0.1336149606543983
2016-08-22,0.0112459414716129,-0.007458254727885,-0.0011918406178187,-0.008650095345704,7.482414948977078e-05,0,0,0,0,0.104299554458275
2016-08-23,0.0072090243055301,0.003952755985383,0.0034137598313792,0.0073665158167623,5.426555527861058e-05,0,0,0,0,0.0892412829027751
2016-08-24,0.0081194540920658,-0.0065455982841585,-0.0017455592998227,-0.0082911575839812,6.874329408240973e-05,0,0,0,0,0.0700262275284096
2016-08-25,0.0114153198530346,-0.0031551622314381,-0.0015738558079072,-0.0047290180393453,2.2363611616453588e-05,0,0,0,0,0.1267837689240406
2016-08-26,0.0135072563188375,-0.0076607250584319,-0.0013020835172976,-0.0089628085757298,8.033193756517639e-05,0,0,0,0,0.1330507873805939
2016-08-29,0.0099205361942312,0.0030882996797882,0.0005625351732821,0.0036508348530706,1.3328595124395072e-05,0,0,0,0,0.1074794992609207
2016-08-30,0.0083928682715756,-0.0066009890733396,-0.0059990835957488,-0.0126000726690884,0.0001587618312663,0,0,0,0,0.1170599350302916
2016-08-31,0.0085772711156952,0.0061283367209706,0.0005675905932341,0.0066959273142046,4.4835442597111935e-05,0,0,0,0,0.0754650137692887
2016-09-01,0.0100705833783717,0.0045125581886524,-0.0024468297545435,0.002065728434109,4.267233963486485e-06,0,0,0,0,0.1109276244160931
2016-09-02,0.0100266264039277,0.0051626932993622,0.0017256371425877,0.0068883304419502,4.744909627749856e-05,0,0,0,0,0.1040336125943836
2016-09-05,0.0100266264039277,0.0051626932993622,0.0017256371425877,0.0068883304419502,4.744909627749856e-05,0,0,0,0,0.1040336125943836
2016-09-06,0.0069499422587559,-0.0029703911193353,0.0050465431589151,0.0020761520395797,4.310407291451287e-06,0,0,0,0,0.1079117298868031
2016-09-07,0.0081831780951696,-0.0029709426735981,0.0027849999434242,-0.000185942730174,3.4574698904570956e-08,0,0,0,0,0.0976363528944066
2016-09-08,0.0191001713734192,-0.0144657792107985,-0.0029797954816848,-0.0174455746924833,0.000304348076351,0,0,0,0,0.1668349393683259
2016-09-09,0.0241252366886258,-0.0161837422982484,-0.0039822777272625,-0.0201660200255111,0.0004066683636693,0,0,0,0,0.227674062772029
2016-09-12,0.0191494723150588,0.0190052841064541,-0.0036763769410006,0.0153289071654536,0.000234975394887,0,0,0,0,0.1202037304552517
2016-09-13,0.031809948815156,0.024878072531556,0.0001901321424111,0.0250682046739671,0.0006284148855759,0,0,0,0,0.2593371121892096
2016-09-14,0.0390081958854531,0.0325242377455282,0.0069300346646696,0.0394542724101976,0.001556639611418,0,0,0,0,0.3175746059856117
2016-09-15,0.0217952233801758,0.0178911746129455,0.0071939433769148,0.0250851179898607,0.0006292631445652,0,0,0,0,0.2042933494368997
2016-09-16,0.0169517685589225,-0.0048287020372218,0.0026035249520422,-0.0022251770851795,4.95141306040817e-06,0,0,0,0,0.188801623306777
2016-09-19,0.0244153046458749,-0.0113927769284842,0.0036141621117464,-0.007778614816738,6.050684846717638e-05,0,0,0,0,0.2564489774822866
2016-09-20,0.0111910230817545,0.0029515119822689,-0.0052386859122687,-0.0022871739300001,5.231164586072139e-06,0,0,0,0,0.1478104703353874
2016-09-21,0.0131487308663723,-0.0096769839516983,0.0021554650065298,-0.0075215189451682,5.6573247242525385e-05,0,0,0,0,0.117639030842333
2016-09-22,0.0107965417041791,0.0069597738304251,0.0077973646923928,0.014757138522818,0.0002177731373816,0,0,0,0,0.1590385269084456
2016-09-23,0.0260350935919058,-0.0170010701295869,0.0002620659547646,-0.0167390041748225,0.0002801942607647,0,0,0,0,0.239346626596301
2016-09-26,0.0159148422121943,0.0112673484864836,-0.0082070041380125,0.0030603443484711,9.365707531219206e-06,0,0,0,0,0.1911245492312947
2016-09-27,0.0065620524554185,0.0007961431708953,0.0008410615577353,0.001637204728631,2.6804393234518622e-06,0,0,0,0,0.0744458575373556
2016-09-28,0.0128798988165573,0.0076588777977198,0.0002670082974106,0.0079258860951303,6.281967039298049e-05,0,0,0,0,0.1233294771515813
2016-09-29,0.0175529803885328,-0.0100993062509061,-0.0047476367525158,-0.0148469430034219,0.0002204317165468,0,0,0,0,0.1859372781204503
2016-09-30,0.0126298720841949,0.0039876004167294,0.0030227619033082,0.0070103623200377,4.914517985820451e-05,0,0,0,0,0.1444069645905911
2016-10-03,0.0063892310705008,-0.0016871646323312,-0.0034551190409946,-0.0051422836733259,2.644308137695432e-05,0,0,0,0,0.0887403278761165
2016-10-04,0.0140128587202231,0.0002654280042129,0.0043453267504032,0.0046107547546161,2.125905940721536e-05,0,0,0,0,0.1717345569017203
2016-10-05,0.0083055997906946,-0.0032666784004608,0.0036204728495782,0.0003537944491176,1.251705122264617e-07,0,0,0,0,0.1046720052315855
2016-10-06,0.0103859915275611,0.0073313544776444,0.0032684412900484,0.0105997957676926,0.0001123556703167,0,0,0,0,0.1051250569134289
2016-10-07,0.0077186594950208,-0.0014006830618825,0.0002187274446044,-0.001181955617278,1.3970190812151936e-06,0,0,0,0,0.0856029329146605
2016-10-10,0.0186068588073935,0.0185210918362024,0.0026290421331933,0.021150133969396,0.0004473281669233,0,0,0,0,0.1094173755035561
2016-10-11,0.0201040358628892,-0.0007734541331139,8.705341976345503e-05,-0.0006864007133509,4.711459392886378e-07,0,0,0,0,0.2255424099925756
2016-10-12,0.0103954583047444,0.0046798638910974,0.0063313010945387,0.0110111649856365,0.0001212457543409,0,0,0,0,0.1469210091268104
2016-10-13,0.0122679872599565,0.0025235796878279,-0.0089533746684794,-0.0064297949806517,4.1342263493214706e-05,0,0,0,0,0.196327667576949
2016-10-14,0.0076552476010617,0.0033181477272842,0.001752489721675,0.0050706374489597,2.5711364138793017e-05,0,0,0,0,0.0841790395745845
2016-10-17,0.0086053603921277,-0.0030683404561761,-0.0008504125012897,-0.0039187529574662,1.5356624741650424e-05,0,0,0,0,0.0927164552205746
2016-10-18,0.0053296524822312,0.0030425818991084,0.0032534858135899,0.0062960677126984,3.964046864288347e-05,0,0,0,0,0.0731119295055382
2016-10-19,0.0071587147375207,-0.0031167450803483,-0.0017850046563646,-0.0049017497367129,2.402715048136576e-05,0,0,0,0,0.0794635083864965
2016-10-20,0.0088153643348047,0.0006848498407419,-0.0036155937472993,-0.0029307439065573,8.589259845822993e-06,0,0,0,1,0.1141935157015673
2016-10-21,0.004973428190052,-0.0016693422817241,-0.0007695267790287,-0.0024388690607528,5.948082295497525e-06,0,0,1,0,0.0547225797940421
2016-10-24,0.0070220997763203,0.0055845465822177,0.0015092832835896,0.0070938298658074,5.032242216502134e-05,0,1,0,0,0.0612465061208528
2016-10-25,0.0058650446767592,0.0019508674561584,0.0015658208881063,0.0035166883442649,1.2367096910689275e-05,1,0,0,0,0.0676875652273015
2016-10-26,0.0328372725628574,-0.0207221096579083,-0.0054411922077755,-0.0261633018656839,0.0006845183645149,0,0,0,0,0.3186282077646848
2016-10-27,0.0078983181941462,-0.0025087798705666,0.0037020061058748,0.001193226235308,1.423788848627404e-06,0,0,0,0,0.103446796280167
2016-10-28,0.015129940109312,-0.0075214627807566,-0.0024453826241225,-0.0099668454048793,9.93380073247647e-05,0,0,0,0,0.1576170285268469
2016-10-31,0.0082652365362505,0.0019344066526162,-0.0025491157828394,-0.0006147091302231,3.778673147796415e-07,0,0,0,0,0.0994022751821792
2016-11-01,0.0285327752143445,-0.0233543014798645,-0.0029911168601397,-0.0263454183400044,0.0006940810675098,0,0,0,0,0.2274614952522626
2016-11-02,0.0101087768719206,0.0068479623097471,0.0040502282990231,0.0108981906087706,0.000118770558545,0,0,0,0,0.1115548998472699
2016-11-03,0.0143679334286006,-0.0087771454305127,-0.0046954498024349,-0.0134725952329479,0.0001815108223108,0,0,0,0,0.1551375219471809
2016-11-04,0.015461013125845,-0.0015452958435694,-0.0014583927570674,-0.0030036886006366,9.022145209594258e-06,0,0,0,0,0.1744217108126119
2016-11-07,0.0092762285260568,0.0012099852020853,0.0036396764474495,0.0048496616495348,2.351921811496879e-05,0,0,0,0,0.1184815807174115
2016-11-08,0.0178882717328779,0.0063845787579348,0.000786204554327,0.007170783312262,5.142013331141609e-05,0,0,0,0,0.191066563805805
2016-11-09,0.0218183834124529,0.002264596284629,-0.0068379084723945,-0.0045733121877655,2.0915184366765167e-05,0,0,0,0,0.2669546889693724
2016-11-10,0.0405423044114673,-0.0184307802853424,0.0011818926757859,-0.0172488876095564,0.0002975241237671,0,0,0,0,0.4175974324825823
2016-11-11,0.0209888834182947,0.0114286958236221,-0.0150253244067495,-0.0035966285831277,1.2935737164971191e-05,0,0,0,0,0.3157276056832007
2016-11-14,0.0310161796850906,-0.0237670291922146,-0.0048157159191341,-0.0285827451113487,0.0008169733181003,0,0,0,0,0.268455753396506
2016-11-15,0.0135727840307363,0.005526687291081,0.0120010889934276,0.0175277762845089,0.0003072229414797,0,0,0,0,0.2377666862298491
2016-11-16,0.0317622418438792,0.0285430174423077,-0.0030874328683781,0.0254555845739297,0.0006479867860004,0,0,0,0,0.2240706573540774
2016-11-17,0.0123301755464252,-0.0027534003092178,0.0005462491031679,-0.0022071512060501,4.871516446368832e-06,0,0,0,0,0.1359903618210585
2016-11-18,0.0077222495198638,-0.000182165953687,0.0021160806718586,0.0019339147181716,3.7400261371607944e-06,0,0,0,0,0.0929459515680005
2016-11-21,0.0171252495254627,0.0135829348509025,0.0024564448507274,0.0160393797016302,0.000257261701213,0,0,0,0,0.1432241317390901
2016-11-22,0.0082263043783278,-0.0015234965464134,0.0030910002822863,0.0015675037358731,2.4570679619761575e-06,0,0,0,0,0.1034814826801346
2016-11-23,0.0101557267100485,-0.0012565123157183,-0.002869054073919,-0.0041255663896375,1.702029803530717e-05,0,0,0,0,0.1221315899662656
2016-11-24,0.0101557267100485,-0.0012565123157183,-0.002869054073919,-0.0041255663896375,1.702029803530717e-05,0,0,0,0,0.1221315899662656
2016-11-25,0.0058449847915754,0.0040439937599717,-0.001079039759403,0.0029649540005687,8.790952225488525e-06,0,0,0,0,0.054827610151072
2016-11-28,0.0087594410627128,0.0037264413626282,-0.0017973066769939,0.0019291346856342,3.721560635317236e-06,0,0,0,0,0.0955508117402201
2016-11-29,0.0167909273991374,0.0012564927336732,-0.0016670731919652,-0.0004105804582921,1.6857631273136748e-07,0,0,0,0,0.1899223381169143
2016-11-30,0.0133059216721535,-0.0093492230793473,-8.947344881357587e-05,-0.0094386965281607,8.908899215071401e-05,0,0,0,0,0.1174784098184122
2016-12-01,0.0146214271705572,-0.0076260015516028,-0.0013556873150485,-0.0089816888666516,8.067073489733378e-05,0,0,0,0,0.1474413302873465
2016-12-02,0.0104164945364474,0.0046579400209897,-0.0039291434140757,0.0007287966069142,5.311444942497568e-07,0,0,0,0,0.1242971413260356
2016-12-05,0.0153018922097014,-0.0066202896745318,0.0012786649024096,-0.0053416247721225,2.8532955206152982e-05,0,0,0,0,0.1601503692151639
2016-12-06,0.0102969641066297,0.0005014702300157,0.0038835000263978,0.0043849702564138,1.9227964149633904e-05,0,0,0,0,0.1309027791098717
2016-12-07,0.0160815492402853,0.0147282725551463,-0.0044779020177871,0.0102503705373591,0.0001050700961531,0,0,0,0,0.1285383999075679
2016-12-08,0.0161438483713559,0.0121104866530342,-0.000318541318089,0.011791945334945,0.0001390499747823,0,0,0,0,0.1363341665006023
2016-12-09,0.0198392898514075,0.013914298960595,0.0022275661726927,0.0161418651332878,0.0002605598099812,0,0,0,0,0.1788763278854556
2016-12-12,0.0142067884633222,-0.0023437337988871,-0.0068229603304227,-0.0091666941293095,8.402828126031898e-05,0,0,0,0,0.191383147108627
2016-12-13,0.0229565255361889,0.0199757325337157,0.0027862153947652,0.022761947928481,0.0005181062734988,0,0,0,0,0.1717978465407012
2016-12-14,0.0100385902635622,0.0026055251842889,-0.0047292118381029,-0.0021236866538143,4.510045003589188e-06,0,0,0,0,0.1329385841479337
2016-12-15,0.0122521537589474,0.0047575886633025,0.0003468909929847,0.0051044796562873,2.6055712561451457e-05,0,0,0,0,0.1293887613572167
2016-12-16,0.0076235967377095,-0.0060251516409172,0.0055935776840224,-0.0004315739568947,1.8625608026979026e-07,0,0,0,0,0.1080449983090555
2016-12-19,0.0137282293306893,0.0083387545301986,8.632969315159995e-05,0.0084250842233499,7.098204417054068e-05,0,0,0,0,0.1303051331776764
2016-12-20,0.0064072663774694,0.0017970994524617,-0.0005137866185982,0.0012833128338636,1.6468918295590898e-06,0,0,0,0,0.070177076308354
2016-12-21,0.004698779191902,0.003074297895296,-0.000342055758423,0.0027322421368731,7.465147094505295e-06,0,0,0,0,0.0434894254498147
2016-12-22,0.0098929536243183,-0.0059670657976259,-0.0039299752067125,-0.0098970410043386,9.795142064156032e-05,0,0,0,0,0.1129497978882065
2016-12-23,0.0071079057896569,0.0035312900052408,-0.0019394467882965,0.0015918432169441,2.533964827331153e-06,0,0,0,0,0.0781011622498407
2016-12-26,0.0071079057896569,0.0035312900052408,-0.0019394467882965,0.0015918432169441,2.533964827331153e-06,0,0,0,0,0.0781011622498407
2016-12-27,0.0110131268889664,0.0089731771802722,0.0014614026135434,0.0104345797938156,0.0001088804554735,0,0,0,0,0.0893448067255204
2016-12-28,0.0113370013154289,-0.0061454614714953,-8.508827914057591e-05,-0.006230549750636,3.881975019515136e-05,0,0,0,0,0.111892172732828
2016-12-29,0.0057358521148204,-0.0004276420186588,-0.0012003948432263,-0.0016280368618852,2.650504023657286e-06,0,0,0,0,0.0670128072117375
2016-12-30,0.0143553281600775,-0.0099014972271806,0.000942870682289,-0.0089586265448917,8.025698957083941e-05,0,0,0,0,0.1290184114821977
2017-01-02,0.0143553281600775,-0.0099014972271806,0.000942870682289,-0.0089586265448917,8.025698957083941e-05,0,0,0,0,0.1290184114821977
2017-01-03,0.0108642702459885,-0.0048422057431121,0.0031101536949603,-0.0017320520481516,3.0000042975062677e-06,0,0,0,0,0.1225855491414653
2017-01-04,0.0064640658628328,0.0020668281556622,0.0054458361671668,0.0075126643228289,5.6440125227506704e-05,0,0,0,0,0.111007019637018
